,,,,,,,,,,,,,,,,,,,,
Start time (UTC)/yyyy-mm-dd,Start time (UTC)/hh:mm:ss,Duration/h:mm:ss,Pkt loss/fraction/×10-2,Total and fraction of traffic/IPv4/pkts,Total and fraction of traffic/IPv4/×10-2,Total and fraction of traffic/IPv6/pkts,Total and fraction of traffic/IPv6/×10-4,Total and fraction of traffic/other/pkts,Total and fraction of traffic/other/×10-4,Mean transmission rate/pkts/s,Mean transmission rate/bits/s,Mean transmission rate/load,flows/s,Packet size (bytes)/IPv4/Mean,Packet size (bytes)/IPv4/Median,Packet size (bytes)/IPv6/Mean,Packet size (bytes)/IPv6/Median,Packet size (bytes)/CDF,Packet size (bytes)/data,Location
 2018-12-20   , 12:59:09 , +01:02:00 , 0.2 , 2352824016 , 98.76 , 29447517 , 123.61 , 0 , 0.00 , 640.22 k ,  4.55 G , 45.7 % , 37.39 k , 896 , 1.40 k , 244 , 129 ,   graph ,   file ,nyc (dirA)
 2018-11-15   , 12:59:10 , +01:01:59 , 0.1 , 2280990208 , 98.83 , 26951188 , 116.78 , 0 , 0.00 , 620.41 k ,  4.49 G , 45.1 % , 31.80 k , 913 , 1.40 k , 243 , 129 ,   graph ,   file ,nyc (dirA)
 2018-10-18   , 12:59:09 , +01:01:59 , 0.1 , 2366521520 , 99.16 , 19977497 , 83.71 , 0 , 0.00 , 641.53 k ,  4.37 G , 43.9 % , 35.41 k , 857 , 1.38 k , 322 , 126 ,   graph ,   file ,nyc (dirA)
 2018-09-21   , 12:59:09 , +01:01:59 , 0.0 , 2082250512 , 98.24 , 37295547 , 175.96 , 0 , 0.00 , 569.77 k ,  3.53 G , 35.5 % , 42.08 k , 785 , 865 , 217 , 127 ,   graph ,   file ,nyc (dirA)
 2018-08-16   , 12:59:10 , +01:01:59 , 0.0 , 2299798253 , 99.07 , 21660733 , 93.31 , 0 , 0.00 , 624.05 k ,  4.45 G , 44.7 % , 29.24 k , 896 , 1.40 k , 408 , 129 ,   graph ,   file ,nyc (dirA)
 2018-07-19   , 12:59:10 , +01:02:01 , 0.0 , 2003474873 , 98.75 , 25433498 , 125.36 , 0 , 0.00 , 545.11 k ,  3.99 G , 40.1 % , 25.76 k , 924 , 1.40 k , 239 , 125 ,   graph ,   file ,nyc (dirA)
 2018-06-21   , 12:59:10 , +01:01:59 , 0.0 , 2184823130 , 99.44 , 12228031 , 55.66 , 0 , 0.00 , 590.61 k ,  4.26 G , 42.8 % , 25.68 k , 905 , 1.40 k , 257 , 127 ,   graph ,   file ,nyc (dirA)
 2018-05-17   , 12:59:10 , +01:02:01 , 0.0 , 2174467593 , 98.62 , 30389143 , 137.83 , 0 , 0.00 , 592.38 k ,  4.26 G , 42.8 % , 25.01 k , 910 , 1.41 k , 210 , 194 ,   graph ,   file ,nyc (dirA)
 2018-04-19   , 12:59:09 , +01:01:59 , 0.0 , 2054520738 , 99.15 , 17514040 , 84.53 , 0 , 0.00 , 557.00 k ,  3.86 G , 38.8 % , 26.43 k , 872 , 1.40 k , 205 , 159 ,   graph ,   file ,nyc (dirA)
 2018-03-15   , 12:59:10 , +01:01:59 , 0.0 , 1563570347 , 99.45 , 8625567 , 54.86 , 0 , 0.00 , 422.63 k ,  3.01 G , 30.3 % , 20.55 k , 894 , 1.38 k , 281 , 156 ,   graph ,   file ,nyc (dirA)
 2019-01-17   , 12:59:10 , +01:02:00 , 0.1 , 5598527450 , 96.43 , 207323550 , 357.09 , 0 , 0.00 , 1.56 M ,  4.72 G , 47.5 % , 90.72 k , 372 , 64 , 551 , 111 ,   graph ,   file ,nyc (dirB)
 2018-12-20   , 12:59:09 , +01:02:00 , 0.0 , 5966880877 , 94.16 , 370296490 , 584.32 , 0 , 0.00 , 1.70 M ,  5.50 G , 55.2 % , 95.99 k , 381 , 64 , 756 , 1.28 k ,   graph ,   file ,nyc (dirB)
 2018-11-15   , 12:59:10 , +01:01:59 , 0.0 , 5482831347 , 94.66 , 309321580 , 534.04 , 0 , 0.00 , 1.56 M ,  4.36 G , 43.8 % , 91.02 k , 344 , 60 , 464 , 96 ,   graph ,   file ,nyc (dirB)
 2018-10-18   , 12:59:09 , +01:01:59 , 0.0 , 5473027085 , 95.81 , 239281492 , 418.89 , 0 , 0.00 , 1.54 M ,  4.68 G , 47.0 % , 102.12 k , 376 , 60 , 497 , 87 ,   graph ,   file ,nyc (dirB)
 2018-09-21   , 12:59:09 , +01:01:59 , 0.0 , 6339173792 , 95.46 , 301317343 , 453.76 , 0 , 0.00 , 1.79 M ,  5.53 G , 55.5 % , 108.95 k , 382 , 60 , 492 , 100 ,   graph ,   file ,nyc (dirB)
 2018-08-16   , 12:59:10 , +01:01:59 , 0.0 , 7268865212 , 96.11 , 294346800 , 389.18 , 0 , 0.00 , 2.03 M ,  5.79 G , 58.1 % , 104.49 k , 349 , 57 , 525 , 98 ,   graph ,   file ,nyc (dirB)
 2018-07-19   , 12:59:10 , +01:02:01 , 0.0 , 6411087319 , 94.78 , 353103478 , 522.02 , 0 , 0.00 , 1.82 M ,  4.80 G , 48.2 % , 94.82 k , 325 , 55 , 422 , 80 ,   graph ,   file ,nyc (dirB)
 2018-06-21   , 12:59:10 , +01:01:59 , 0.0 , 6661088525 , 95.99 , 278037956 , 400.68 , 0 , 0.00 , 1.87 M ,  5.04 G , 50.6 % , 112.98 k , 329 , 55 , 548 , 100 ,   graph ,   file ,nyc (dirB)
 2018-05-17   , 12:59:10 , +01:02:01 , 0.0 , 6111017902 , 95.86 , 263958280 , 414.05 , 0 , 0.00 , 1.71 M ,  4.63 G , 46.5 % , 91.63 k , 336 , 55 , 373 , 80 ,   graph ,   file ,nyc (dirB)
 2018-04-19   , 12:59:09 , +01:01:59 , 0.0 , 5843684995 , 96.26 , 226989309 , 373.91 , 0 , 0.00 , 1.63 M ,  4.59 G , 46.1 % , 98.40 k , 350 , 56 , 382 , 80 ,   graph ,   file ,nyc (dirB)
 2018-03-15   , 12:59:10 , +01:01:59 , 0.0 , 4624303024 , 97.00 , 143143441 , 300.25 , 0 , 0.00 , 1.28 M ,  2.94 G , 29.6 % , 91.29 k , 290 , 55 , 202 , 72 ,   graph ,   file ,nyc (dirB)
 2016-04-06   , 12:59:12 , +01:03:29 , 0.0 , 1770440562 , 96.90 , 56547155 , 309.51 , 0 , 0.00 , 475.37 k ,  2.31 G , 23.2 % , 12.91 k , 589 , 105 , 1.19 k , 1.46 k ,   graph ,   file ,chicago (dirA)
 2016-03-17   , 12:59:11 , +01:03:09 , 0.0 , 1705609294 , 96.15 , 68271459 , 384.87 , 0 , 0.00 , 464.26 k ,  2.29 G , 23.0 % , 13.32 k , 596 , 128 , 1.15 k , 1.46 k ,   graph ,   file ,chicago (dirA)
 2016-02-18   , 12:59:11 , +01:03:13 , 0.0 , 1916892228 , 96.25 , 74647492 , 374.82 , 0 , 0.00 , 524.97 k ,  3.09 G , 31.0 % , 12.55 k , 714 , 278 , 1.26 k , 1.46 k ,   graph ,   file ,chicago (dirA)
 2016-01-21   , 12:59:11 , +01:03:39 , 0.0 , 1962948393 , 96.83 , 64362857 , 317.48 , 0 , 0.00 , 530.71 k ,  2.23 G , 22.4 % , 14.08 k , 501 , 64 , 1.25 k , 1.46 k ,   graph ,   file ,chicago (dirA)
 2015-12-17   , 12:59:11 , +01:02:56 , 0.0 , 1750234333 , 95.94 , 74037135 , 405.84 , 0 , 0.00 , 483.00 k ,  2.52 G , 25.3 % , 17.20 k , 632 , 165 , 1.15 k , 1.46 k ,   graph ,   file ,chicago (dirA)
 2015-11-19   , 12:59:11 , +01:02:45 , 0.0 , 1459796787 , 94.89 , 78560400 , 510.68 , 0 , 0.00 , 408.49 k ,  2.17 G , 21.8 % , 14.86 k , 636 , 200 , 1.20 k , 1.46 k ,   graph ,   file ,chicago (dirA)
 2015-10-15   , 12:59:11 , +01:02:01 , 0.0 , 953979957 , 95.06 , 49545691 , 493.72 , 0 , 0.00 , 269.62 k ,  1.59 G , 15.9 % , 6.76 k , 710 , 202 , 1.22 k , 1.46 k ,   graph ,   file ,chicago (dirA)
 2015-09-17   , 12:59:11 , +01:02:04 , 0.0 , 1109704671 , 95.00 , 58427102 , 500.18 , 0 , 0.00 , 313.59 k ,  1.78 G , 17.9 % , 7.51 k , 683 , 200 , 1.23 k , 1.46 k ,   graph ,   file ,chicago (dirA)
 2015-08-20   , 12:59:11 , +01:01:59 , 0.0 , 993255738 , 99.91 , 891594 , 8.97 , 0 , 0.00 , 267.24 k ,  1.42 G , 14.3 % , 6.70 k , 665 , 200 , 313 , 84 ,   graph ,   file ,chicago (dirA)
 2015-07-16   , 12:59:10 , +01:01:59 , 0.0 , 863271356 , 99.92 , 696430 , 8.06 , 0 , 0.00 , 232.25 k ,  1.39 G , 13.9 % , 5.63 k , 747 , 455 , 245 , 92 ,   graph ,   file ,chicago (dirA)
 2015-06-18   , 12:59:10 , +01:01:59 , 0.0 , 1024714560 , 99.90 , 1068308 , 10.41 , 0 , 0.00 , 275.75 k ,  1.79 G , 18.0 % , 7.01 k , 813 , 1.21 k , 269 , 80 ,   graph ,   file ,chicago (dirA)
 2015-05-21   , 12:59:11 , +01:02:02 , 0.0 , 1121858099 , 99.90 , 1136000 , 10.12 , 0 , 0.00 , 301.64 k ,  1.88 G , 18.9 % , 7.22 k , 778 , 837 , 221 , 72 ,   graph ,   file ,chicago (dirA)
 2015-03-19   , 12:59:11 , +01:03:16 , 0.0 , 1345035609 , 99.96 , 491995 , 3.66 , 0 , 0.00 , 354.37 k ,  2.10 G , 21.1 % , 10.59 k , 740 , 470 , 392 , 104 ,   graph ,   file ,chicago (dirA)
 2015-02-19   , 12:59:11 , +01:03:14 , 0.0 , 1245244103 , 99.91 , 1155036 , 9.27 , 0 , 0.00 , 328.43 k ,  2.11 G , 21.2 % , 8.95 k , 803 , 1.12 k , 262 , 72 ,   graph ,   file ,chicago (dirA)
 2015-01-15   , 12:59:10 , +01:02:46 , 0.0 , 1269105743 , 99.87 , 1660598 , 13.07 , 0 , 0.00 , 337.35 k ,  2.18 G , 21.9 % , 9.90 k , 810 , 1.07 k , 217 , 72 ,   graph ,   file ,chicago (dirA)
 2014-12-18   , 12:59:11 , +01:01:59 , 0.0 , 1586482873 , 99.92 , 1330366 , 8.38 , 0 , 0.00 , 426.83 k ,  2.82 G , 28.3 % , 12.11 k , 826 , 1.22 k , 152 , 72 ,   graph ,   file ,chicago (dirA)
 2014-11-30   , 09:59:11 , +01:01:59 , 0.0 , 1223450557 , 99.97 , 427602 , 3.49 , 0 , 0.00 , 329.00 k ,  2.23 G , 22.4 % , 8.77 k , 847 , 1.40 k , 174 , 92 ,   graph ,   file ,chicago (dirA)
 2014-11-30   , 00:59:10 , +01:01:59 , 0.0 , 2366256817 , 99.92 , 1983155 , 8.37 , 0 , 0.00 , 636.62 k ,  4.44 G , 44.6 % , 11.59 k , 873 , 1.42 k , 98 , 60 ,   graph ,   file ,chicago (dirA)
 2014-11-23   , 09:59:10 , +01:01:59 , 0.0 , 1386731467 , 99.85 , 2130611 , 15.34 , 0 , 0.00 , 373.35 k ,  2.70 G , 27.1 % , 8.86 k , 905 , 1.50 k , 92 , 60 ,   graph ,   file ,chicago (dirA)
 2014-11-23   , 00:59:10 , +01:01:59 , 0.0 , 2597828600 , 99.92 , 2041297 , 7.85 , 0 , 0.00 , 698.89 k ,  5.12 G , 51.5 % , 32.77 k , 917 , 1.50 k , 119 , 60 ,   graph ,   file ,chicago (dirA)
 2014-11-20   , 12:59:11 , +01:01:59 , 0.0 , 1434851616 , 99.91 , 1283781 , 8.94 , 0 , 0.00 , 386.06 k ,  2.38 G , 23.9 % , 10.97 k , 772 , 684 , 118 , 60 ,   graph ,   file ,chicago (dirA)
 2014-10-16   , 12:59:11 , +01:01:59 , 0.0 , 1497983556 , 99.98 , 360204 , 2.40 , 0 , 0.00 , 402.78 k ,  2.55 G , 25.7 % , 11.15 k , 793 , 953 , 182 , 99 ,   graph ,   file ,chicago (dirA)
 2014-09-18   , 12:59:11 , +01:01:59 , 0.0 , 1898079340 , 99.84 , 3063416 , 16.11 , 0 , 0.00 , 511.06 k ,  3.93 G , 39.5 % , 11.01 k , 963 , 1.50 k , 107 , 72 ,   graph ,   file ,chicago (dirA)
 2014-08-21   , 12:59:11 , +01:01:59 , 0.0 , 1012272571 , 99.95 , 554480 , 5.47 , 0 , 0.00 , 272.27 k ,  1.63 G , 16.3 % , 9.39 k , 747 , 468 , 130 , 72 ,   graph ,   file ,chicago (dirA)
 2014-07-17   , 12:59:11 , +01:01:59 , 0.0 , 987064104 , 99.96 , 369306 , 3.74 , 0 , 0.00 , 265.44 k ,  1.73 G , 17.4 % , 9.93 k , 815 , 1.02 k , 291 , 104 ,   graph ,   file ,chicago (dirA)
 2014-06-19   , 12:59:11 , +01:01:59 , 0.0 , 967713972 , 99.98 , 200208 , 2.07 , 0 , 0.00 , 260.19 k ,  1.62 G , 16.3 % , 9.23 k , 778 , 728 , 198 , 104 ,   graph ,   file ,chicago (dirA)
 2014-05-16   , 12:59:11 , +01:01:59 , 0.0 , 892356056 , 99.98 , 147732 , 1.66 , 0 , 0.00 , 239.92 k ,  1.54 G , 15.5 % , 8.54 k , 804 , 1.05 k , 289 , 104 ,   graph ,   file ,chicago (dirA)
 2014-04-25   , 12:59:11 , +01:01:59 , 0.0 , 895538193 , 99.98 , 142876 , 1.60 , 0 , 0.00 , 240.78 k ,  1.38 G , 13.8 % , 7.34 k , 716 , 425 , 289 , 104 ,   graph ,   file ,chicago (dirA)
 2014-03-20   , 12:59:11 , +01:01:59 , 0.0 , 1116009669 , 99.59 , 4553693 , 40.64 , 0 , 0.00 , 301.23 k ,  1.46 G , 14.6 % , 8.24 k , 607 , 90 , 101 , 72 ,   graph ,   file ,chicago (dirA)
 2014-02-20   , 12:59:10 , +01:01:59 , 0.0 , 1450289143 , 99.99 , 195033 , 1.34 , 0 , 0.00 , 389.92 k ,  1.71 G , 17.2 % , 7.66 k , 550 , 468 , 266 , 104 ,   graph ,   file ,chicago (dirA)
 2014-01-16   , 12:59:10 , +01:01:59 , 0.0 , 918112821 , 99.82 , 1633677 , 17.76 , 0 , 0.00 , 247.24 k ,  1.41 G , 14.1 % , 6.35 k , 712 , 319 , 116 , 72 ,   graph ,   file ,chicago (dirA)
 2013-12-19   , 12:59:11 , +01:01:59 , 0.0 , 871823504 , 99.97 , 245772 , 2.82 , 0 , 0.00 , 234.43 k ,  1.53 G , 15.4 % , 6.80 k , 819 , 1.12 k , 286 , 104 ,   graph ,   file ,chicago (dirA)
 2013-11-21   , 12:59:11 , +01:01:59 , 0.0 , 1079634918 , 99.98 , 191779 , 1.78 , 0 , 0.00 , 290.28 k ,  1.54 G , 15.5 % , 9.66 k , 665 , 167 , 282 , 104 ,   graph ,   file ,chicago (dirA)
 2013-10-24   , 12:59:11 , +01:01:59 , 0.0 , 832755600 , 99.98 , 180337 , 2.17 , 0 , 0.00 , 223.91 k ,  1.38 G , 13.8 % , 6.62 k , 769 , 684 , 267 , 100 ,   graph ,   file ,chicago (dirA)
 2013-09-19   , 12:57:11 , +01:01:59 , 0.0 , 935262051 , 99.95 , 489203 , 5.23 , 0 , 0.00 , 251.55 k ,  1.73 G , 17.4 % , 6.30 k , 861 , 1.32 k , 558 , 131 ,   graph ,   file ,chicago (dirA)
 2013-08-15   , 12:57:10 , +01:01:59 , 0.0 , 744084825 , 99.95 , 343522 , 4.61 , 0 , 0.00 , 200.12 k ,  1.19 G , 12.0 % , 6.32 k , 746 , 563 , 528 , 116 ,   graph ,   file ,chicago (dirA)
 2013-07-18   , 12:57:10 , +01:01:59 , 0.0 , 995032686 , 99.97 , 273198 , 2.74 , 0 , 0.00 , 267.56 k ,  1.37 G , 13.8 % , 6.38 k , 642 , 121 , 436 , 104 ,   graph ,   file ,chicago (dirA)
 2013-06-20   , 12:57:17 , +01:01:59 , 0.0 , 1179974998 , 99.98 , 196779 , 1.67 , 0 , 0.00 , 317.25 k ,  2.21 G , 22.2 % , 7.41 k , 869 , 1.42 k , 305 , 104 ,   graph ,   file ,chicago (dirA)
 2013-05-29   , 12:57:10 , +01:01:59 , 0.0 , 1107530928 , 99.98 , 201139 , 1.82 , 0 , 0.00 , 297.78 k ,  1.62 G , 16.3 % , 8.50 k , 680 , 192 , 343 , 104 ,   graph ,   file ,chicago (dirA)
 2013-05-16   , 12:57:10 , +01:01:59 , 0.0 , 652028701 , 99.97 , 188009 , 2.88 , 0 , 0.00 , 175.33 k ,  838.50 M , 8.4 % , 6.71 k , 598 , 108 , 322 , 104 ,   graph ,   file ,chicago (dirA)
 2013-04-25   , 12:57:03 , +01:01:59 , 0.0 , 740970773 , 99.98 , 153685 , 2.07 , 0 , 0.00 , 199.23 k ,  787.12 M , 7.9 % , 6.77 k , 494 , 52 , 352 , 104 ,   graph ,   file ,chicago (dirA)
 2011-08-25   , 12:59:37 , +01:03:17 , 0.0 , 484574430 , 99.99 , 50186 , 1.04 , 0 , 0.00 , 127.60 k ,  445.31 M , 4.5 % , 8.74 k , 436 , 52 , 214 , 99 ,   graph ,   file ,chicago (dirA)
 2011-07-21   , 12:59:09 , +01:01:59 , 0.0 , 427435839 , 99.98 , 66275 , 1.55 , 0 , 0.00 , 114.92 k ,  409.12 M , 4.1 % , 7.09 k , 445 , 52 , 356 , 99 ,   graph ,   file ,chicago (dirA)
 2011-06-08   , 23:44:17 , +01:01:59 , 0.0 , 358208647 , 99.98 , 73865 , 2.06 , 0 , 0.00 , 96.31 k ,  510.22 M , 5.1 % , 4.72 k , 662 , 146 , 297 , 99 ,   graph ,   file ,chicago (dirA)
 2011-06-08   , 12:59:05 , +01:01:59 , 0.0 , 428623181 , 99.98 , 106054 , 2.47 , 0 , 0.00 , 115.25 k ,  437.77 M , 4.4 % , 7.97 k , 475 , 53 , 335 , 99 ,   graph ,   file ,chicago (dirA)
 2011-06-07   , 23:44:11 , +00:19:29 , 0.0 , 124402954 , 99.98 , 24516 , 1.97 , 0 , 0.00 , 106.40 k ,  623.84 M , 6.3 % , 4.94 k , 733 , 492 , 325 , 100 ,   graph ,   file ,chicago (dirA)
 2011-05-19   , 12:59:12 , +01:01:59 , 0.0 , 399797638 , 99.99 , 50885 , 1.27 , 0 , 0.00 , 107.49 k ,  437.98 M , 4.4 % , 6.21 k , 509 , 60 , 390 , 99 ,   graph ,   file ,chicago (dirA)
 2011-04-13   , 12:59:06 , +01:01:59 , 0.0 , 528927863 , 99.99 , 56015 , 1.06 , 0 , 0.00 , 142.20 k ,  461.71 M , 4.6 % , 7.03 k , 406 , 52 , 405 , 99 ,   graph ,   file ,chicago (dirA)
 2011-03-24   , 12:59:11 , +01:01:59 , 0.0 , 512326051 , 99.99 , 31765 , 0.62 , 0 , 0.00 , 137.73 k ,  492.98 M , 5.0 % , 7.32 k , 447 , 52 , 380 , 99 ,   graph ,   file ,chicago (dirA)
 2011-02-17   , 12:59:04 , +01:01:59 , 0.0 , 344714258 , 99.99 , 18832 , 0.55 , 0 , 0.00 , 92.67 k ,  318.26 M , 3.2 % , 5.38 k , 429 , 52 , 118 , 94 ,   graph ,   file ,chicago (dirA)
 2010-10-29   , 12:59:04 , +01:02:00 , 0.4 , 171485159 , 99.99 , 17435 , 1.02 , 1.24 k , 0.07 , 46.09 k ,  227.73 M , 2.3 % , 3.95 k , 618 , 126 , 201 , 92 ,   graph ,   file ,chicago (dirA)
 2010-09-16   , 12:59:05 , +01:01:59 , 0.0 , 276384534 , 100.00 , 13316 , 0.48 , 0 , 0.00 , 74.30 k ,  466.17 M , 4.7 % , 3.17 k , 784 , 971 , 103 , 92 ,   graph ,   file ,chicago (dirA)
 2010-08-19   , 12:59:04 , +01:01:59 , 0.0 , 287992304 , 99.96 , 108012 , 3.75 , 2 , 0.00 , 77.45 k ,  485.18 M , 4.9 % , 3.26 k , 783 , 869 , 302 , 125 ,   graph ,   file ,chicago (dirA)
 2010-04-14   , 12:59:05 , +01:01:59 , 0.0 , 241955621 , 100.00 , 9541 , 0.39 , 0 , 0.00 , 65.05 k ,  468.24 M , 4.7 % , 2.40 k , 900 , 1.42 k , 163 , 99 ,   graph ,   file ,chicago (dirA)
 2010-03-25   , 12:59:05 , +01:01:59 , 0.0 , 208367059 , 99.99 , 16539 , 0.79 , 0 , 0.00 , 56.02 k ,  397.48 M , 4.0 % , 2.82 k , 887 , 1.42 k , 253 , 100 ,   graph ,   file ,chicago (dirA)
 2010-02-25   , 12:59:04 , +01:01:59 , 0.0 , 278373241 , 99.99 , 18641 , 0.67 , 0 , 0.00 , 74.84 k ,  336.49 M , 3.4 % , 8.23 k , 562 , 126 , 121 , 92 ,   graph ,   file ,chicago (dirA)
 2010-01-21   , 12:59:05 , +01:01:59 , 0.0 , 424691195 , 99.73 , 1157635 , 27.18 , 0 , 0.00 , 114.48 k ,  603.48 M , 6.1 % , 11.78 k , 658 , 298 , 881 , 1.34 k ,   graph ,   file ,chicago (dirA)
 2009-12-17   , 12:59:05 , +01:01:59 , 0.0 , 360355319 , 99.98 , 66647 , 1.85 , 0 , 0.00 , 96.89 k ,  521.91 M , 5.2 % , 7.17 k , 673 , 309 , 239 , 99 ,   graph ,   file ,chicago (dirA)
 2009-11-19   , 12:59:05 , +01:01:59 , 0.0 , 360800137 , 99.98 , 57726 , 1.60 , 0 , 0.00 , 97.00 k ,  539.08 M , 5.4 % , 8.18 k , 695 , 315 , 199 , 99 ,   graph ,   file ,chicago (dirA)
 2009-10-15   , 12:59:05 , +01:01:59 , 0.0 , 264544400 , 99.99 , 27337 , 1.03 , 0 , 0.00 , 71.12 k ,  445.75 M , 4.5 % , 4.84 k , 783 , 799 , 205 , 99 ,   graph ,   file ,chicago (dirA)
 2009-09-17   , 12:59:05 , +01:01:59 , 0.0 , 235677184 , 99.99 , 33346 , 1.41 , 0 , 0.00 , 63.36 k ,  333.02 M , 3.3 % , 4.91 k , 657 , 218 , 207 , 99 ,   graph ,   file ,chicago (dirA)
 2009-08-20   , 12:59:04 , +01:01:59 , 0.0 , 252794466 , 99.98 , 62991 , 2.49 , 0 , 0.00 , 67.97 k ,  491.70 M , 4.9 % , 3.73 k , 904 , 1.42 k , 184 , 99 ,   graph ,   file ,chicago (dirA)
 2009-07-16   , 12:59:05 , +01:01:59 , 0.0 , 580433760 , 99.98 , 96396 , 1.66 , 0 , 0.00 , 156.06 k ,  1.14 G , 11.4 % , 9.43 k , 911 , 1.44 k , 236 , 100 ,   graph ,   file ,chicago (dirA)
 2009-06-18   , 12:59:05 , +01:01:59 , 0.0 , 468058161 , 99.98 , 89879 , 1.92 , 0 , 0.00 , 125.85 k ,  889.53 M , 8.9 % , 7.59 k , 884 , 1.42 k , 252 , 99 ,   graph ,   file ,chicago (dirA)
 2009-05-21   , 12:59:05 , +01:01:59 , 0.0 , 503851410 , 99.98 , 88884 , 1.76 , 0 , 0.00 , 135.47 k ,  904.31 M , 9.1 % , 8.46 k , 835 , 1.20 k , 249 , 100 ,   graph ,   file ,chicago (dirA)
 2009-04-16   , 12:59:05 , +01:01:59 , 0.0 , 479462260 , 99.98 , 86775 , 1.81 , 0 , 0.00 , 128.91 k ,  774.31 M , 7.8 % , 12.71 k , 751 , 576 , 286 , 111 ,   graph ,   file ,chicago (dirA)
 2009-03-31   , 12:59:05 , +01:01:59 , 0.0 , 622531564 , 99.99 , 79392 , 1.28 , 0 , 0.00 , 167.37 k ,  1.18 G , 11.9 % , 11.76 k , 883 , 1.42 k , 300 , 100 ,   graph ,   file ,chicago (dirA)
 2009-02-19   , 12:59:12 , +01:01:59 , 0.0 , 115635357 , 99.98 , 24469 , 2.12 , 0 , 0.00 , 31.09 k ,  125.40 M , 1.3 % , 2.77 k , 504 , 61 , 379 , 99 ,   graph ,   file ,chicago (dirA)
 2009-01-15   , 12:59:16 , +01:01:59 , 0.0 , 1599786661 , 99.99 , 89775 , 0.56 , 0 , 0.00 , 430.08 k ,  1.49 G , 14.9 % , 16.18 k , 432 , 52 , 332 , 111 ,   graph ,   file ,chicago (dirA)
 2008-12-18   , 12:59:09 , +01:01:59 , 0.0 , 942301631 , 99.99 , 100243 , 1.06 , 0 , 0.00 , 253.34 k ,  1.53 G , 15.4 % , 19.55 k , 757 , 621 , 326 , 111 ,   graph ,   file ,chicago (dirA)
 2008-11-20   , 12:59:11 , +01:01:59 , 0.0 , 526478136 , 99.99 , 46815 , 0.89 , 0 , 0.00 , 141.54 k ,  650.39 M , 6.5 % , 11.03 k , 574 , 112 , 264 , 99 ,   graph ,   file ,chicago (dirA)
 2008-10-16   , 12:59:21 , +00:40:41 , 0.0 , 500003145 , 99.99 , 45120 , 0.90 , 0 , 0.00 , 204.82 k ,  1.39 G , 14.0 % , 14.20 k , 848 , 1.28 k , 282 , 111 ,   graph ,   file ,chicago (dirA)
 2008-09-18   , 12:59:08 , +01:02:00 , 0.0 , 680152363 , 99.99 , 55576 , 0.82 , 0 , 0.00 , 182.85 k ,  1.21 G , 12.2 % , 13.89 k , 827 , 1.11 k , 222 , 99 ,   graph ,   file ,chicago (dirA)
 2008-08-21   , 12:59:09 , +01:02:00 , 0.0 , 618440533 , 99.99 , 66067 , 1.07 , 0 , 0.00 , 166.26 k ,  938.95 M , 9.4 % , 13.39 k , 706 , 375 , 248 , 100 ,   graph ,   file ,chicago (dirA)
 2008-07-17   , 12:59:16 , +00:23:08 , 0.0 , 263086947 , 99.99 , 30348 , 1.15 , 0 , 0.00 , 189.45 k ,  748.54 M , 7.5 % , 12.75 k , 494 , 60 , 236 , 111 ,   graph ,   file ,chicago (dirA)
 2008-06-19   , 12:59:08 , +01:02:03 , 0.0 , 894091751 , 99.99 , 48072 , 0.54 , 0 , 0.00 , 240.16 k ,  1.06 G , 10.7 % , 14.41 k , 553 , 64 , 225 , 99 ,   graph ,   file ,chicago (dirA)
 2008-05-15   , 12:59:07 , +01:02:00 , 0.0 , 765914095 , 99.99 , 57305 , 0.75 , 0 , 0.00 , 205.91 k ,  863.59 M , 8.7 % , 12.95 k , 524 , 61 , 272 , 99 ,   graph ,   file ,chicago (dirA)
 2008-04-30   , 16:59:09 , +01:02:00 , 0.0 , 817822857 , 99.99 , 48041 , 0.59 , 0 , 0.00 , 219.84 k ,  989.87 M , 9.9 % , 14.45 k , 563 , 78 , 183 , 99 ,   graph ,   file ,chicago (dirA)
 2016-04-06   , 12:59:12 , +01:03:29 , 0.0 , 1956728530 , 95.61 , 89737884 , 438.50 , 0 , 0.00 , 537.13 k ,  3.58 G , 36.0 % , 13.12 k , 828 , 1.23 k , 961 , 1.46 k ,   graph ,   file ,chicago (dirB)
 2016-03-17   , 12:59:11 , +01:03:09 , 0.0 , 1938306319 , 95.94 , 82000292 , 405.88 , 0 , 0.00 , 533.06 k ,  3.89 G , 39.0 % , 11.13 k , 912 , 1.40 k , 888 , 1.28 k ,   graph ,   file ,chicago (dirB)
 2016-02-18   , 12:59:11 , +01:03:13 , 0.0 , 1653211782 , 94.83 , 90123691 , 516.96 , 0 , 0.00 , 459.55 k ,  3.25 G , 32.6 % , 10.10 k , 881 , 1.40 k , 916 , 1.35 k ,   graph ,   file ,chicago (dirB)
 2016-01-21   , 12:59:11 , +01:03:39 , 0.0 , 2183929248 , 95.97 , 91645491 , 402.74 , 0 , 0.00 , 595.70 k ,  4.91 G , 49.4 % , 9.84 k , 1.03 k , 1.45 k , 940 , 1.28 k ,   graph ,   file ,chicago (dirB)
 2015-12-17   , 12:59:11 , +01:02:56 , 0.0 , 1512119999 , 95.15 , 77038690 , 484.78 , 0 , 0.00 , 420.75 k ,  3.14 G , 31.5 % , 8.80 k , 930 , 1.44 k , 972 , 1.28 k ,   graph ,   file ,chicago (dirB)
 2015-11-19   , 12:59:11 , +01:02:45 , 0.0 , 1581045787 , 94.78 , 87043885 , 521.82 , 0 , 0.00 , 442.93 k ,  3.20 G , 32.1 % , 8.93 k , 896 , 1.42 k , 1.02 k , 1.43 k ,   graph ,   file ,chicago (dirB)
 2015-10-15   , 12:59:11 , +01:02:01 , 0.0 , 1512975825 , 98.04 , 30285091 , 196.24 , 0 , 0.00 , 414.63 k ,  2.85 G , 28.6 % , 10.20 k , 856 , 1.39 k , 970 , 1.28 k ,   graph ,   file ,chicago (dirB)
 2015-09-17   , 12:59:11 , +01:02:04 , 0.0 , 1487443672 , 98.86 , 17092717 , 113.61 , 0 , 0.00 , 403.90 k ,  2.93 G , 29.4 % , 9.18 k , 906 , 1.42 k , 921 , 1.28 k ,   graph ,   file ,chicago (dirB)
 2015-08-20   , 12:59:11 , +01:01:59 , 0.0 , 1165751858 , 99.84 , 1884957 , 16.14 , 0 , 0.00 , 313.88 k ,  1.99 G , 20.0 % , 9.65 k , 794 , 943 , 296 , 80 ,   graph ,   file ,chicago (dirB)
 2015-07-16   , 12:59:10 , +01:01:59 , 0.0 , 1150215653 , 99.86 , 1661174 , 14.42 , 0 , 0.00 , 309.64 k ,  1.95 G , 19.6 % , 9.38 k , 789 , 885 , 566 , 105 ,   graph ,   file ,chicago (dirB)
 2015-06-18   , 12:59:10 , +01:01:59 , 0.0 , 1504921577 , 99.92 , 1208128 , 8.02 , 0 , 0.00 , 404.87 k ,  2.77 G , 27.8 % , 11.87 k , 855 , 1.38 k , 409 , 101 ,   graph ,   file ,chicago (dirB)
 2015-05-21   , 12:59:11 , +01:02:02 , 0.0 , 1424245598 , 99.83 , 2406715 , 16.87 , 0 , 0.00 , 383.20 k ,  2.59 G , 26.1 % , 10.97 k , 847 , 1.36 k , 475 , 87 ,   graph ,   file ,chicago (dirB)
 2015-03-19   , 12:59:11 , +01:03:16 , 0.0 , 2412726166 , 99.89 , 2595004 , 10.74 , 0 , 0.00 , 636.11 k ,  4.56 G , 45.8 % , 25.45 k , 896 , 1.40 k , 522 , 110 ,   graph ,   file ,chicago (dirB)
 2015-02-19   , 12:59:11 , +01:03:14 , 0.0 , 2318481104 , 99.65 , 8100606 , 34.82 , 0 , 0.00 , 613.07 k ,  4.36 G , 43.8 % , 24.95 k , 888 , 1.39 k , 1.03 k , 1.28 k ,   graph ,   file ,chicago (dirB)
 2015-01-15   , 12:59:10 , +01:02:46 , 0.0 , 2308576564 , 99.89 , 2643051 , 11.44 , 0 , 0.00 , 613.55 k ,  4.34 G , 43.6 % , 28.11 k , 885 , 1.40 k , 546 , 104 ,   graph ,   file ,chicago (dirB)
 2014-12-18   , 12:59:11 , +01:01:59 , 0.0 , 2188538095 , 99.80 , 4467395 , 20.37 , 0 , 0.00 , 589.52 k ,  4.02 G , 40.3 % , 26.08 k , 851 , 1.35 k , 1.07 k , 1.28 k ,   graph ,   file ,chicago (dirB)
 2014-11-30   , 09:59:11 , +01:01:59 , 0.0 , 1689036694 , 99.96 , 740001 , 4.38 , 0 , 0.00 , 454.24 k ,  3.08 G , 31.0 % , 31.71 k , 848 , 1.35 k , 412 , 104 ,   graph ,   file ,chicago (dirB)
 2014-11-30   , 00:59:10 , +01:01:59 , 0.0 , 2371196574 , 99.65 , 8333443 , 35.02 , 0 , 0.00 , 639.66 k ,  3.71 G , 37.3 % , 38.49 k , 727 , 400 , 105 , 72 ,   graph ,   file ,chicago (dirB)
 2014-11-23   , 09:59:10 , +01:01:59 , 0.0 , 1764963339 , 99.96 , 680575 , 3.85 , 0 , 0.00 , 474.64 k ,  3.34 G , 33.5 % , 25.29 k , 879 , 1.40 k , 297 , 104 ,   graph ,   file ,chicago (dirB)
 2014-11-23   , 00:59:10 , +01:01:59 , 0.0 , 2606987405 , 99.64 , 9355083 , 35.76 , 0 , 0.00 , 703.32 k ,  4.13 G , 41.5 % , 28.17 k , 737 , 468 , 97 , 72 ,   graph ,   file ,chicago (dirB)
 2014-11-20   , 12:59:11 , +01:01:59 , 0.0 , 2263610003 , 99.95 , 1030691 , 4.55 , 0 , 0.00 , 608.78 k ,  4.46 G , 44.8 % , 28.77 k , 916 , 1.42 k , 342 , 104 ,   graph ,   file ,chicago (dirB)
 2014-10-16   , 12:59:11 , +01:01:59 , 0.0 , 2018025453 , 99.96 , 824829 , 4.09 , 0 , 0.00 , 542.70 k ,  3.38 G , 33.9 % , 30.98 k , 778 , 777 , 368 , 104 ,   graph ,   file ,chicago (dirB)
 2014-09-18   , 12:59:11 , +01:01:59 , 0.0 , 2026574556 , 99.96 , 907872 , 4.48 , 0 , 0.00 , 545.02 k ,  4.06 G , 40.7 % , 27.29 k , 930 , 1.44 k , 432 , 104 ,   graph ,   file ,chicago (dirB)
 2014-08-21   , 12:59:11 , +01:01:59 , 0.0 , 1877795298 , 99.96 , 819422 , 4.36 , 0 , 0.00 , 505.00 k ,  3.72 G , 37.3 % , 26.78 k , 920 , 1.42 k , 342 , 104 ,   graph ,   file ,chicago (dirB)
 2014-07-17   , 12:59:11 , +01:01:59 , 0.0 , 2045821918 , 99.96 , 820496 , 4.01 , 0 , 0.00 , 550.17 k ,  3.85 G , 38.7 % , 66.59 k , 875 , 1.37 k , 221 , 100 ,   graph ,   file ,chicago (dirB)
 2014-06-19   , 12:59:11 , +01:01:59 , 0.0 , 2822246142 , 99.95 , 1446259 , 5.12 , 0 , 0.00 , 759.06 k ,  6.25 G , 62.7 % , 28.26 k , 1.03 k , 1.45 k , 209 , 68 ,   graph ,   file ,chicago (dirB)
 2014-05-16   , 12:59:11 , +01:01:59 , 0.0 , 2214504522 , 99.97 , 643176 , 2.90 , 0 , 0.00 , 595.47 k ,  4.84 G , 48.6 % , 23.43 k , 1.01 k , 1.45 k , 261 , 104 ,   graph ,   file ,chicago (dirB)
 2014-04-25   , 12:59:11 , +01:01:59 , 0.0 , 2394996588 , 99.97 , 797876 , 3.33 , 0 , 0.00 , 644.03 k ,  5.26 G , 52.9 % , 24.16 k , 1.02 k , 1.45 k , 319 , 104 ,   graph ,   file ,chicago (dirB)
 2014-03-20   , 12:59:11 , +01:01:59 , 0.0 , 2100185181 , 99.96 , 745912 , 3.55 , 0 , 0.00 , 564.77 k ,  4.32 G , 43.4 % , 18.41 k , 957 , 1.44 k , 208 , 97 ,   graph ,   file ,chicago (dirB)
 2014-02-20   , 12:59:10 , +01:01:59 , 0.0 , 1876413289 , 99.93 , 1242678 , 6.62 , 0 , 0.00 , 504.75 k ,  3.76 G , 37.8 % , 18.05 k , 932 , 1.42 k , 216 , 117 ,   graph ,   file ,chicago (dirB)
 2014-01-16   , 12:59:10 , +01:01:59 , 0.0 , 2125616588 , 99.93 , 1572646 , 7.39 , 0 , 0.00 , 571.83 k ,  4.81 G , 48.4 % , 17.68 k , 1.05 k , 1.45 k , 157 , 114 ,   graph ,   file ,chicago (dirB)
 2013-12-19   , 12:59:11 , +01:01:59 , 0.0 , 2360005217 , 99.94 , 1415919 , 6.00 , 0 , 0.00 , 634.79 k ,  5.21 G , 52.3 % , 20.52 k , 1.03 k , 1.45 k , 173 , 110 ,   graph ,   file ,chicago (dirB)
 2013-11-21   , 12:59:11 , +01:01:59 , 0.0 , 2345741044 , 99.86 , 3304454 , 14.07 , 0 , 0.00 , 631.47 k ,  5.30 G , 53.2 % , 18.36 k , 1.05 k , 1.45 k , 120 , 52 ,   graph ,   file ,chicago (dirB)
 2013-10-24   , 12:59:11 , +01:01:59 , 0.0 , 2196469832 , 99.88 , 2741961 , 12.47 , 0 , 0.00 , 591.19 k ,  4.88 G , 49.1 % , 18.16 k , 1.03 k , 1.45 k , 124 , 52 ,   graph ,   file ,chicago (dirB)
 2013-09-19   , 12:57:11 , +01:01:59 , 0.0 , 2117299585 , 99.96 , 788607 , 3.72 , 0 , 0.00 , 569.38 k ,  4.27 G , 42.9 % , 17.70 k , 937 , 1.44 k , 207 , 116 ,   graph ,   file ,chicago (dirB)
 2013-08-15   , 12:57:10 , +01:01:59 , 0.0 , 1964365033 , 99.96 , 744217 , 3.79 , 0 , 0.00 , 528.26 k ,  3.69 G , 37.0 % , 18.77 k , 873 , 1.39 k , 213 , 104 ,   graph ,   file ,chicago (dirB)
 2013-07-18   , 12:57:10 , +01:01:59 , 0.0 , 1796826013 , 99.94 , 1024984 , 5.70 , 0 , 0.00 , 483.30 k ,  3.41 G , 34.2 % , 16.06 k , 882 , 1.42 k , 165 , 117 ,   graph ,   file ,chicago (dirB)
 2013-06-20   , 12:57:17 , +01:01:59 , 0.0 , 1465553045 , 99.98 , 299262 , 2.04 , 0 , 0.00 , 394.05 k ,  2.79 G , 28.0 % , 17.16 k , 886 , 1.42 k , 293 , 104 ,   graph ,   file ,chicago (dirB)
 2013-05-29   , 12:57:10 , +01:01:59 , 0.0 , 1284234871 , 99.96 , 456221 , 3.55 , 0 , 0.00 , 345.35 k ,  2.11 G , 21.2 % , 16.40 k , 763 , 604 , 254 , 96 ,   graph ,   file ,chicago (dirB)
 2013-05-16   , 12:57:10 , +01:01:59 , 0.0 , 1445357887 , 99.98 , 238742 , 1.65 , 0 , 0.00 , 388.60 k ,  2.63 G , 26.4 % , 13.30 k , 846 , 1.24 k , 353 , 104 ,   graph ,   file ,chicago (dirB)
 2013-04-25   , 12:57:03 , +01:01:59 , 0.0 , 1438759159 , 99.98 , 264535 , 1.84 , 0 , 0.00 , 386.83 k ,  2.18 G , 21.9 % , 16.00 k , 705 , 368 , 504 , 104 ,   graph ,   file ,chicago (dirB)
 2011-08-25   , 12:59:17 , +00:41:48 , 0.0 , 1585637008 , 99.99 , 148594 , 0.94 , 0 , 0.00 , 427.97 k ,  3.03 G , 30.4 % , 19.86 k , 885 , 1.43 k , 169 , 104 ,   graph ,   file ,chicago (dirB)
 2011-07-21   , 12:59:12 , +01:01:59 , 0.0 , 1081388712 , 99.99 , 109673 , 1.01 , 0 , 0.00 , 290.73 k ,  1.75 G , 17.6 % , 15.38 k , 753 , 610 , 163 , 104 ,   graph ,   file ,chicago (dirB)
 2011-06-08   , 23:44:05 , +01:01:59 , 0.0 , 1199756483 , 99.98 , 271613 , 2.26 , 0 , 0.00 , 322.59 k ,  1.64 G , 16.5 % , 17.69 k , 636 , 168 , 402 , 257 ,   graph ,   file ,chicago (dirB)
 2011-06-08   , 12:59:13 , +00:49:16 , 0.0 , 1348761896 , 99.99 , 166691 , 1.24 , 0 , 0.00 , 456.21 k ,  3.10 G , 31.1 % , 22.41 k , 849 , 1.24 k , 413 , 371 ,   graph ,   file ,chicago (dirB)
 2011-06-07   , 23:44:10 , +01:01:59 , 0.0 , 1208309865 , 99.99 , 161343 , 1.34 , 0 , 0.00 , 324.86 k ,  1.59 G , 16.0 % , 18.33 k , 612 , 131 , 351 , 104 ,   graph ,   file ,chicago (dirB)
 2011-05-19   , 12:59:05 , +01:01:59 , 0.0 , 1427866398 , 100.00 , 56847 , 0.40 , 0 , 0.00 , 383.86 k ,  2.22 G , 22.3 % , 20.16 k , 724 , 431 , 194 , 104 ,   graph ,   file ,chicago (dirB)
 2011-04-13   , 12:59:05 , +01:01:59 , 0.0 , 1433863450 , 100.00 , 56285 , 0.39 , 0 , 0.00 , 385.47 k ,  2.47 G , 24.8 % , 22.40 k , 800 , 1.09 k , 218 , 104 ,   graph ,   file ,chicago (dirB)
 2011-03-24   , 12:59:05 , +01:01:59 , 0.0 , 1726079021 , 100.00 , 64105 , 0.37 , 0 , 0.00 , 464.03 k ,  3.86 G , 38.8 % , 17.01 k , 1.04 k , 1.44 k , 263 , 110 ,   graph ,   file ,chicago (dirB)
 2011-02-17   , 12:59:05 , +01:02:00 , 0.0 , 1980954080 , 100.00 , 32321 , 0.16 , 0 , 0.00 , 532.39 k ,  3.70 G , 37.2 % , 28.88 k , 868 , 1.40 k , 187 , 94 ,   graph ,   file ,chicago (dirB)
 2010-10-29   , 12:59:05 , +01:01:58 , 0.0 , 4212277949 , 100.00 , 12990 , 0.03 , 0 , 0.00 , 1.13 M ,  9.13 G , 91.7 % , 46.49 k , 1.01 k , 1.44 k , 258 , 111 ,   graph ,   file ,chicago (dirB)
 2010-09-16   , 12:59:05 , +01:02:00 , 0.0 , 3327271349 , 100.00 , 24523 , 0.07 , 0 , 0.00 , 894.21 k ,  6.11 G , 61.4 % , 44.18 k , 854 , 1.42 k , 488 , 211 ,   graph ,   file ,chicago (dirB)
 2010-08-19   , 12:59:05 , +01:01:59 , 0.0 , 2350892994 , 100.00 , 23055 , 0.10 , 0 , 0.00 , 631.98 k ,  4.17 G , 41.9 % , 34.64 k , 824 , 1.30 k , 171 , 111 ,   graph ,   file ,chicago (dirB)
 2010-04-14   , 12:59:05 , +01:01:59 , 0.8 , 3521386549 , 100.00 , 15035 , 0.04 , 0 , 0.00 , 992.44 k ,  7.04 G , 70.7 % , 53.63 k , 887 , 1.42 k , 103 , 91 ,   graph ,   file ,chicago (dirB)
 2010-03-25   , 12:59:05 , +01:01:59 , 0.0 , 3012034849 , 100.00 , 15708 , 0.05 , 0 , 0.00 , 809.71 k ,  5.98 G , 60.1 % , 43.79 k , 923 , 1.44 k , 102 , 92 ,   graph ,   file ,chicago (dirB)
 2010-02-25   , 12:59:05 , +01:01:59 , 0.0 , 1565060691 , 100.00 , 22248 , 0.14 , 0 , 0.00 , 420.73 k ,  3.07 G , 30.8 % , 20.10 k , 912 , 1.44 k , 154 , 99 ,   graph ,   file ,chicago (dirB)
 2010-01-21   , 12:59:05 , +01:01:59 , 0.0 , 2317874076 , 100.00 , 68654 , 0.30 , 0 , 0.00 , 623.11 k ,  4.81 G , 48.4 % , 30.43 k , 966 , 1.44 k , 164 , 112 ,   graph ,   file ,chicago (dirB)
 2009-12-17   , 12:59:05 , +01:01:59 , 0.0 , 3592799969 , 100.00 , 74683 , 0.21 , 0 , 0.00 , 965.85 k ,  8.54 G , 85.8 % , 36.16 k , 1.11 k , 1.45 k , 195 , 99 ,   graph ,   file ,chicago (dirB)
 2009-11-19   , 12:59:10 , +01:01:59 , 0.0 , 3322770404 , 100.00 , 73580 , 0.22 , 0 , 0.00 , 893.25 k ,  6.70 G , 67.3 % , 45.22 k , 938 , 1.44 k , 180 , 97 ,   graph ,   file ,chicago (dirB)
 2009-10-15   , 12:59:05 , +01:01:59 , 0.0 , 1925662845 , 100.00 , 51658 , 0.27 , 0 , 0.00 , 517.67 k ,  3.44 G , 34.6 % , 30.47 k , 832 , 1.37 k , 182 , 99 ,   graph ,   file ,chicago (dirB)
 2009-09-17   , 12:59:05 , +01:01:59 , 0.0 , 2388756813 , 100.00 , 46518 , 0.19 , 0 , 0.00 , 642.16 k ,  4.50 G , 45.2 % , 37.81 k , 876 , 1.42 k , 187 , 99 ,   graph ,   file ,chicago (dirB)
 2009-08-20   , 12:59:05 , +01:01:59 , 0.0 , 2503673681 , 100.00 , 63335 , 0.25 , 0 , 0.00 , 673.06 k ,  4.57 G , 45.9 % , 41.95 k , 849 , 1.41 k , 170 , 99 ,   graph ,   file ,chicago (dirB)
 2009-07-16   , 12:59:05 , +01:01:59 , 0.0 , 4087975271 , 100.00 , 98347 , 0.24 , 0 , 0.00 , 1.10 M ,  8.70 G , 87.5 % , 45.57 k , 990 , 1.45 k , 174 , 99 ,   graph ,   file ,chicago (dirB)
 2009-06-18   , 12:59:05 , +01:01:59 , 0.0 , 2854162112 , 100.00 , 87008 , 0.30 , 0 , 0.00 , 767.29 k ,  4.69 G , 47.1 % , 53.52 k , 764 , 636 , 180 , 92 ,   graph ,   file ,chicago (dirB)
 2009-05-21   , 12:59:05 , +01:01:55 , 0.0 , 4248737123 , 100.00 , 82018 , 0.19 , 0 , 0.00 , 1.14 M ,  7.01 G , 70.5 % , 75.33 k , 767 , 660 , 182 , 92 ,   graph ,   file ,chicago (dirB)
 2009-04-16   , 12:59:08 , +01:01:58 , 0.0 , 3501000083 , 100.00 , 79317 , 0.23 , 0 , 0.00 , 941.58 k ,  5.20 G , 52.2 % , 71.09 k , 690 , 309 , 223 , 92 ,   graph ,   file ,chicago (dirB)
 2009-03-31   , 12:59:05 , +01:02:04 , 0.0 , 2858056856 , 100.00 , 73164 , 0.26 , 0 , 0.00 , 767.30 k ,  3.67 G , 36.9 % , 48.02 k , 598 , 125 , 235 , 98 ,   graph ,   file ,chicago (dirB)
 2009-02-19   , 12:59:05 , +01:01:59 , 0.0 , 1870097160 , 100.00 , 27280 , 0.15 , 0 , 0.00 , 502.73 k ,  2.99 G , 30.0 % , 27.79 k , 743 , 551 , 350 , 99 ,   graph ,   file ,chicago (dirB)
 2009-01-15   , 12:59:15 , +01:02:20 , 0.0 , 2996004241 , 100.00 , 80109 , 0.27 , 0 , 0.00 , 800.89 k ,  4.69 G , 47.2 % , 38.88 k , 733 , 480 , 275 , 99 ,   graph ,   file ,chicago (dirB)
 2008-12-18   , 12:59:12 , +01:02:19 , 0.0 , 2928390610 , 100.00 , 88481 , 0.30 , 0 , 0.00 , 783.03 k ,  4.80 G , 48.3 % , 36.75 k , 767 , 690 , 255 , 92 ,   graph ,   file ,chicago (dirB)
 2008-11-20   , 12:59:12 , +01:01:59 , 0.0 , 2216416327 , 100.00 , 51224 , 0.23 , 0 , 0.00 , 595.83 k ,  3.76 G , 37.8 % , 26.86 k , 789 , 1.01 k , 288 , 99 ,   graph ,   file ,chicago (dirB)
 2008-10-16   , 12:59:14 , +01:02:18 , 0.0 , 2425536752 , 100.00 , 59296 , 0.24 , 0 , 0.00 , 648.73 k ,  3.68 G , 37.0 % , 34.00 k , 710 , 360 , 243 , 99 ,   graph ,   file ,chicago (dirB)
 2008-09-18   , 12:59:17 , +00:05:56 , 0.0 , 217700638 , 100.00 , 5552 , 0.26 , 0 , 0.00 , 610.12 k ,  3.72 G , 37.4 % , 31.03 k , 762 , 614 , 221 , 99 ,   graph ,   file ,chicago (dirB)
 2008-08-21   , 13:00:18 , +00:41:05 , 0.0 , 1841303253 , 100.00 , 47114 , 0.26 , 0 , 0.00 , 746.71 k ,  4.76 G , 47.8 % , 32.73 k , 797 , 1.11 k , 209 , 99 ,   graph ,   file ,chicago (dirB)
 2008-07-17   , 12:59:12 , +01:04:22 , 0.0 , 3177928801 , 100.00 , 43429 , 0.14 , 0 , 0.00 , 822.65 k ,  4.80 G , 48.2 % , 30.13 k , 730 , 463 , 198 , 92 ,   graph ,   file ,chicago (dirB)
 2008-06-19   , 12:59:11 , +01:02:03 , 0.0 , 3257710047 , 100.00 , 51409 , 0.16 , 0 , 0.00 , 874.72 k ,  5.99 G , 60.2 % , 36.41 k , 856 , 1.40 k , 208 , 99 ,   graph ,   file ,chicago (dirB)
 2008-05-15   , 12:59:08 , +01:02:06 , 0.0 , 2728946139 , 100.00 , 48643 , 0.18 , 0 , 0.00 , 732.37 k ,  5.24 G , 52.7 % , 26.46 k , 895 , 1.44 k , 232 , 99 ,   graph ,   file ,chicago (dirB)
 2008-04-30   , 16:59:07 , +01:02:37 , 0.0 , 1866296138 , 100.00 , 59915 , 0.32 , 0 , 0.00 , 496.76 k ,  2.98 G , 29.9 % , 20.68 k , 749 , 575 , 182 , 94 ,   graph ,   file ,chicago (dirB)
 2008-03-19   , 18:59:08 , +01:02:00 , 0.0 , 1747002045 , 100.00 , 60589 , 0.35 , 0 , 0.00 , 469.63 k ,  2.59 G , 26.1 % , 21.31 k , 690 , 223 , 185 , 99 ,   graph ,   file ,chicago (dirB)
 2008-03-19   , 00:01:13 , +06:01:07 , 0.8 , 13063507981 , 100.00 , 368342 , 0.28 , 0 , 0.00 , 602.92 k ,  3.91 G , 39.2 % , 22.02 k , 810 , 1.30 k , 182 , 99 ,   graph ,   file ,chicago (dirB)
 2014-09-18   , 12:59:06 , +01:01:59 , 0.0 , 854785428 , 99.72 , 2401642 , 28.02 , 0 , 0.00 , 230.43 k ,  1.27 G , 12.8 % , 8.84 k , 691 , 262 , 209 , 72 ,   graph ,   file ,sanjose (dirA)
 2014-08-21   , 12:59:04 , +01:01:59 , 5.6 , 2253390626 , 99.88 , 2802701 , 12.42 , 0 , 0.00 , 606.52 k ,  3.57 G , 35.9 % , 18.33 k , 736 , 449 , 155 , 72 ,   graph ,   file ,sanjose (dirA)
 2014-07-17   , 12:59:04 , +01:01:59 , 3.3 , 2382728711 , 99.71 , 6925607 , 28.98 , 0 , 0.00 , 642.40 k ,  3.24 G , 32.6 % , 21.79 k , 631 , 118 , 439 , 72 ,   graph ,   file ,sanjose (dirA)
 2014-06-19   , 12:59:04 , +01:01:59 , 0.0 , 2531915887 , 99.59 , 10414483 , 40.96 , 0 , 0.00 , 683.44 k ,  3.70 G , 37.1 % , 23.03 k , 677 , 200 , 537 , 80 ,   graph ,   file ,sanjose (dirA)
 2014-05-16   , 12:59:11 , +01:02:00 , 0.0 , 2226529885 , 99.80 , 4514520 , 20.24 , 0 , 0.00 , 599.60 k ,  3.21 G , 32.2 % , 19.80 k , 669 , 196 , 134 , 72 ,   graph ,   file ,sanjose (dirA)
 2014-04-25   , 13:00:01 , +01:01:07 , 8.5 , 1728347765 , 99.67 , 5653221 , 32.60 , 0 , 0.00 , 472.84 k ,  2.62 G , 26.3 % , 15.91 k , 695 , 209 , 152 , 72 ,   graph ,   file ,sanjose (dirA)
 2014-03-20   , 12:59:05 , +01:01:59 , 0.0 , 2512514864 , 99.32 , 17242121 , 68.16 , 0 , 0.00 , 680.06 k ,  3.77 G , 37.9 % , 34.62 k , 697 , 205 , 109 , 60 ,   graph ,   file ,sanjose (dirA)
 2014-02-20   , 12:59:05 , +01:01:59 , 0.0 , 2216094096 , 99.57 , 9674101 , 43.46 , 0 , 0.00 , 598.34 k ,  3.66 G , 36.8 % , 32.37 k , 765 , 605 , 595 , 84 ,   graph ,   file ,sanjose (dirA)
 2014-01-16   , 12:59:05 , +01:01:59 , 0.0 , 1718910685 , 99.38 , 10661825 , 61.64 , 0 , 0.00 , 464.95 k ,  2.80 G , 28.1 % , 37.98 k , 754 , 500 , 624 , 101 ,   graph ,   file ,sanjose (dirA)
 2013-12-19   , 12:59:06 , +01:01:59 , 0.0 , 2555890712 , 99.54 , 11819898 , 46.03 , 0 , 0.00 , 690.28 k ,  4.09 G , 41.1 % , 65.20 k , 741 , 558 , 604 , 80 ,   graph ,   file ,sanjose (dirA)
 2013-11-21   , 12:59:04 , +01:01:59 , 0.0 , 1996817174 , 99.84 , 3147605 , 15.74 , 0 , 0.00 , 537.64 k ,  3.52 G , 35.4 % , 15.93 k , 820 , 1.31 k , 241 , 72 ,   graph ,   file ,sanjose (dirA)
 2013-10-24   , 12:59:12 , +01:01:59 , 0.0 , 2887028348 , 99.00 , 29218223 , 100.19 , 0 , 0.00 , 783.96 k ,  5.08 G , 51.0 % , 20.07 k , 808 , 1.05 k , 915 , 1.50 k ,   graph ,   file ,sanjose (dirA)
 2013-09-19   , 12:59:05 , +01:02:02 , 0.0 , 2961869757 , 99.73 , 8156756 , 27.46 , 0 , 0.00 , 797.78 k ,  4.63 G , 46.5 % , 16.95 k , 727 , 203 , 183 , 72 ,   graph ,   file ,sanjose (dirA)
 2013-08-15   , 12:59:05 , +01:01:59 , 0.0 , 2577381687 , 99.86 , 3490038 , 13.52 , 0 , 0.00 , 693.84 k ,  5.22 G , 52.5 % , 14.35 k , 942 , 1.49 k , 137 , 72 ,   graph ,   file ,sanjose (dirA)
 2013-07-18   , 12:59:05 , +01:01:59 , 2.6 , 2011422747 , 99.87 , 2713401 , 13.47 , 0 , 0.00 , 541.46 k ,  3.69 G , 37.0 % , 16.18 k , 852 , 1.40 k , 191 , 72 ,   graph ,   file ,sanjose (dirA)
 2013-06-20   , 12:59:12 , +01:01:59 , 0.0 , 1979171225 , 99.81 , 3704040 , 18.68 , 0 , 0.00 , 533.05 k ,  3.48 G , 34.9 % , 15.94 k , 816 , 1.19 k , 393 , 84 ,   graph ,   file ,sanjose (dirA)
 2013-05-29   , 12:59:11 , +01:02:42 , 0.0 , 2069718672 , 99.82 , 3751511 , 18.09 , 0 , 0.00 , 551.03 k ,  3.22 G , 32.3 % , 22.63 k , 731 , 388 , 145 , 72 ,   graph ,   file ,sanjose (dirA)
 2013-05-16   , 12:59:11 , +01:01:59 , 2.3 , 2302255497 , 99.90 , 2206341 , 9.57 , 0 , 0.00 , 619.50 k ,  4.11 G , 41.3 % , 15.76 k , 831 , 1.35 k , 252 , 72 ,   graph ,   file ,sanjose (dirA)
 2013-04-25   , 12:59:22 , +01:02:00 , 0.0 , 2028058907 , 99.95 , 913715 , 4.50 , 0 , 0.00 , 545.29 k ,  3.25 G , 32.6 % , 37.18 k , 745 , 504 , 332 , 93 ,   graph ,   file ,sanjose (dirA)
 2013-04-18   , 12:59:20 , +01:01:59 , 0.0 , 2330252985 , 99.96 , 859260 , 3.69 , 0 , 0.00 , 626.66 k ,  3.33 G , 33.5 % , 20.92 k , 665 , 125 , 426 , 96 ,   graph ,   file ,sanjose (dirA)
 2013-03-21   , 12:59:16 , +01:01:59 , 0.0 , 2176025090 , 99.97 , 660128 , 3.03 , 0 , 0.00 , 585.15 k ,  2.90 G , 29.1 % , 125.26 k , 619 , 60 , 323 , 98 ,   graph ,   file ,sanjose (dirA)
 2013-02-21   , 12:59:12 , +01:01:59 , 1.7 , 1521059924 , 99.93 , 1014537 , 6.67 , 0 , 0.00 , 409.17 k ,  2.47 G , 24.8 % , 12.04 k , 756 , 530 , 186 , 72 ,   graph ,   file ,sanjose (dirA)
 2013-01-17   , 12:59:12 , +01:01:59 , 0.0 , 1402854129 , 99.92 , 1169032 , 8.33 , 0 , 0.00 , 377.44 k ,  2.08 G , 20.9 % , 11.92 k , 691 , 200 , 175 , 72 ,   graph ,   file ,sanjose (dirA)
 2012-12-20   , 12:59:04 , +01:01:59 , 0.0 , 1960052289 , 99.98 , 373163 , 1.90 , 0 , 0.00 , 527.01 k ,  2.34 G , 23.5 % , 41.92 k , 554 , 52 , 369 , 97 ,   graph ,   file ,sanjose (dirA)
 2012-11-15   , 12:59:04 , +01:01:59 , 4.1 , 2483461386 , 99.99 , 262844 , 1.06 , 0 , 0.00 , 667.69 k ,  1.92 G , 19.3 % , 205.16 k , 359 , 44 , 416 , 104 ,   graph ,   file ,sanjose (dirA)
 2012-10-18   , 12:59:05 , +01:01:59 , 0.0 , 1279288153 , 99.87 , 1653085 , 12.91 , 0 , 0.00 , 344.35 k ,  1.83 G , 18.4 % , 20.77 k , 665 , 175 , 636 , 217 ,   graph ,   file ,sanjose (dirA)
 2012-09-20   , 12:59:05 , +01:02:00 , 0.0 , 1490868831 , 99.95 , 747281 , 5.01 , 0 , 0.00 , 400.88 k ,  2.05 G , 20.6 % , 12.66 k , 640 , 80 , 815 , 1.04 k ,   graph ,   file ,sanjose (dirA)
 2012-08-16   , 12:59:10 , +01:01:59 , 0.0 , 1361133401 , 99.94 , 816826 , 6.00 , 0 , 0.00 , 366.12 k ,  2.03 G , 20.4 % , 10.84 k , 695 , 200 , 201 , 72 ,   graph ,   file ,sanjose (dirA)
 2012-07-19   , 12:59:04 , +01:01:59 , 0.0 , 1362236111 , 99.93 , 887427 , 6.51 , 0 , 0.00 , 366.44 k ,  2.06 G , 20.7 % , 9.91 k , 704 , 200 , 280 , 72 ,   graph ,   file ,sanjose (dirA)
 2012-06-21   , 12:59:07 , +01:01:59 , 0.0 , 2017962393 , 99.98 , 330610 , 1.64 , 0 , 0.00 , 542.57 k ,  3.30 G , 33.1 % , 17.09 k , 759 , 576 , 404 , 104 ,   graph ,   file ,sanjose (dirA)
 2012-06-06   , 23:48:11 , +01:01:59 , 2.5 , 3094883669 , 99.96 , 1124480 , 3.63 , 0 , 0.00 , 832.28 k ,  6.09 G , 61.2 % , 17.66 k , 915 , 1.47 k , 681 , 266 ,   graph ,   file ,sanjose (dirA)
 2012-06-06   , 12:59:05 , +01:01:59 , 0.0 , 2168387418 , 99.96 , 804760 , 3.71 , 0 , 0.00 , 583.13 k ,  3.88 G , 39.0 % , 15.03 k , 832 , 1.39 k , 771 , 1.04 k ,   graph ,   file ,sanjose (dirA)
 2012-06-05   , 23:50:47 , +01:00:57 , 4.9 , 3136847630 , 99.93 , 2055248 , 6.55 , 0 , 0.00 , 858.17 k ,  6.10 G , 61.3 % , 20.55 k , 889 , 1.44 k , 847 , 1.28 k ,   graph ,   file ,sanjose (dirA)
 2012-05-17   , 12:59:05 , +01:02:00 , 0.0 , 1818247191 , 99.99 , 256015 , 1.41 , 0 , 0.00 , 488.73 k ,  2.98 G , 29.9 % , 12.50 k , 762 , 610 , 650 , 418 ,   graph ,   file ,sanjose (dirA)
 2012-04-19   , 12:59:05 , +01:01:59 , 0.0 , 1883005760 , 99.99 , 140362 , 0.75 , 0 , 0.00 , 506.24 k ,  2.96 G , 29.7 % , 14.21 k , 730 , 345 , 361 , 104 ,   graph ,   file ,sanjose (dirA)
 2012-04-18   , 12:59:06 , +01:01:59 , 0.0 , 1927682102 , 99.99 , 144894 , 0.75 , 0 , 0.00 , 518.25 k ,  3.00 G , 30.1 % , 14.23 k , 723 , 336 , 362 , 104 ,   graph ,   file ,sanjose (dirA)
 2012-03-15   , 12:59:10 , +01:01:59 , 0.0 , 1549947885 , 99.99 , 135481 , 0.87 , 0 , 0.00 , 416.70 k ,  2.12 G , 21.3 % , 12.81 k , 636 , 177 , 310 , 104 ,   graph ,   file ,sanjose (dirA)
 2012-02-16   , 12:59:06 , +01:01:59 , 0.0 , 1527789956 , 99.99 , 147781 , 0.97 , 0 , 0.00 , 410.75 k ,  2.17 G , 21.8 % , 13.64 k , 659 , 200 , 352 , 104 ,   graph ,   file ,sanjose (dirA)
 2012-01-19   , 12:59:03 , +01:01:19 , 15.1 , 1637271518 , 99.99 , 146193 , 0.89 , 0 , 0.00 , 445.03 k ,  2.68 G , 26.9 % , 16.27 k , 752 , 502 , 409 , 104 ,   graph ,   file ,sanjose (dirA)
 2011-12-22   , 12:59:06 , +01:01:59 , 0.0 , 2156826591 , 99.99 , 198730 , 0.92 , 0 , 0.00 , 579.86 k ,  2.85 G , 28.6 % , 20.32 k , 614 , 90 , 392 , 104 ,   graph ,   file ,sanjose (dirA)
 2011-11-17   , 12:59:07 , +01:01:59 , 0.0 , 2270949454 , 99.99 , 231385 , 1.02 , 0 , 0.00 , 610.55 k ,  3.22 G , 32.4 % , 21.13 k , 659 , 200 , 310 , 104 ,   graph ,   file ,sanjose (dirA)
 2011-10-20   , 12:59:06 , +01:01:59 , 0.0 , 2638842148 , 99.99 , 202035 , 0.77 , 0 , 0.00 , 709.44 k ,  4.02 G , 40.4 % , 26.32 k , 708 , 208 , 394 , 104 ,   graph ,   file ,sanjose (dirA)
 2011-09-15   , 12:59:05 , +01:02:01 , 0.0 , 2549164224 , 99.99 , 199149 , 0.78 , 0 , 0.00 , 684.96 k ,  3.52 G , 35.4 % , 27.05 k , 643 , 122 , 467 , 104 ,   graph ,   file ,sanjose (dirA)
 2011-08-25   , 12:59:05 , +01:01:59 , 7.2 , 2765508284 , 99.99 , 181140 , 0.65 , 0 , 0.00 , 743.49 k ,  2.94 G , 29.5 % , 193.02 k , 494 , 71 , 439 , 104 ,   graph ,   file ,sanjose (dirA)
 2011-07-21   , 12:59:05 , +01:01:59 , 1.3 , 2102456850 , 99.99 , 194621 , 0.93 , 0 , 0.00 , 565.25 k ,  2.72 G , 27.3 % , 21.97 k , 601 , 108 , 366 , 104 ,   graph ,   file ,sanjose (dirA)
 2011-06-08   , 23:44:04 , +01:01:59 , 0.0 , 3232476098 , 99.99 , 201265 , 0.62 , 0 , 0.00 , 869.02 k ,  4.37 G , 43.9 % , 47.23 k , 628 , 99 , 322 , 99 ,   graph ,   file ,sanjose (dirA)
 2011-06-08   , 12:59:06 , +01:02:00 , 0.0 , 2689357834 , 99.99 , 299736 , 1.11 , 0 , 0.00 , 722.85 k ,  3.95 G , 39.7 % , 27.19 k , 683 , 160 , 443 , 104 ,   graph ,   file ,sanjose (dirA)
 2011-06-07   , 23:44:05 , +01:01:59 , 3.2 , 3243522598 , 99.99 , 202066 , 0.62 , 0 , 0.00 , 871.99 k ,  4.62 G , 46.4 % , 47.69 k , 662 , 137 , 466 , 104 ,   graph ,   file ,sanjose (dirA)
 2011-05-19   , 12:59:03 , +01:01:59 , 1.2 , 2208217934 , 99.99 , 205690 , 0.93 , 0 , 0.00 , 593.68 k ,  2.77 G , 27.8 % , 22.50 k , 582 , 79 , 353 , 111 ,   graph ,   file ,sanjose (dirA)
 2011-04-13   , 12:59:06 , +01:01:59 , 1.1 , 2397710683 , 99.99 , 150708 , 0.63 , 0 , 0.00 , 644.60 k ,  2.59 G , 26.0 % , 27.82 k , 502 , 60 , 740 , 1.28 k ,   graph ,   file ,sanjose (dirA)
 2011-03-24   , 12:59:11 , +01:02:03 , 0.0 , 2283696502 , 100.00 , 68508 , 0.30 , 0 , 0.00 , 613.27 k ,  2.49 G , 25.0 % , 29.49 k , 508 , 60 , 145 , 104 ,   graph ,   file ,sanjose (dirA)
 2011-02-17   , 12:59:06 , +01:01:59 , 1.2 , 2294445966 , 99.98 , 483756 , 2.11 , 0 , 0.00 , 616.93 k ,  2.39 G , 24.0 % , 34.28 k , 484 , 60 , 935 , 1.28 k ,   graph ,   file ,sanjose (dirA)
 2011-01-20   , 12:59:05 , +01:01:59 , 0.0 , 1990896584 , 100.00 , 36389 , 0.18 , 0 , 0.00 , 535.21 k ,  1.87 G , 18.8 % , 31.39 k , 437 , 58 , 135 , 97 ,   graph ,   file ,sanjose (dirA)
 2010-12-17   , 12:59:05 , +01:01:59 , 0.0 , 2383069940 , 100.00 , 46676 , 0.20 , 0 , 0.00 , 640.64 k ,  2.35 G , 23.6 % , 34.96 k , 458 , 60 , 115 , 85 ,   graph ,   file ,sanjose (dirA)
 2010-11-18   , 12:59:05 , +01:01:59 , 3.2 , 2419037436 , 100.00 , 45459 , 0.19 , 0 , 0.00 , 650.31 k ,  2.88 G , 28.9 % , 33.26 k , 553 , 60 , 116 , 96 ,   graph ,   file ,sanjose (dirA)
 2010-10-29   , 12:59:07 , +01:01:59 , 0.0 , 2749442200 , 99.99 , 156929 , 0.57 , 0 , 0.00 , 739.16 k ,  3.17 G , 31.8 % , 44.09 k , 535 , 60 , 817 , 1.32 k ,   graph ,   file ,sanjose (dirA)
 2010-09-16   , 12:59:05 , +01:01:59 , 0.0 , 1870793378 , 100.00 , 15295 , 0.08 , 0 , 0.00 , 502.92 k ,  2.74 G , 27.5 % , 19.65 k , 680 , 200 , 121 , 92 ,   graph ,   file ,sanjose (dirA)
 2010-08-19   , 12:59:10 , +01:02:00 , 0.0 , 3278615282 , 100.00 , 28813 , 0.09 , 0 , 0.00 , 881.15 k ,  4.41 G , 44.3 % , 41.67 k , 625 , 122 , 117 , 99 ,   graph ,   file ,sanjose (dirA)
 2010-07-15   , 12:59:04 , +01:01:59 , 0.9 , 2886961507 , 100.00 , 14998 , 0.05 , 0 , 0.00 , 776.09 k ,  4.00 G , 40.2 % , 39.41 k , 644 , 197 , 98 , 99 ,   graph ,   file ,sanjose (dirA)
 2010-06-17   , 12:59:05 , +01:01:59 , 0.0 , 2786162233 , 100.00 , 135850 , 0.49 , 0 , 0.00 , 749.02 k ,  3.17 G , 31.8 % , 45.45 k , 529 , 60 , 228 , 170 ,   graph ,   file ,sanjose (dirA)
 2010-04-14   , 12:59:05 , +01:01:59 , 0.0 , 2575902694 , 100.00 , 113084 , 0.44 , 0 , 0.00 , 692.50 k ,  2.75 G , 27.6 % , 35.71 k , 497 , 60 , 268 , 172 ,   graph ,   file ,sanjose (dirA)
 2010-03-25   , 12:59:05 , +01:01:59 , 0.0 , 2023048646 , 99.99 , 108004 , 0.53 , 0 , 0.00 , 543.88 k ,  2.48 G , 24.9 % , 33.86 k , 570 , 70 , 253 , 171 ,   graph ,   file ,sanjose (dirA)
 2010-02-25   , 12:59:04 , +01:01:59 , 0.0 , 1652792625 , 100.00 , 29797 , 0.18 , 0 , 0.00 , 444.32 k ,  2.09 G , 21.0 % , 30.00 k , 587 , 79 , 208 , 99 ,   graph ,   file ,sanjose (dirA)
 2010-01-21   , 12:59:04 , +01:01:59 , 0.0 , 1168160320 , 100.00 , 34583 , 0.30 , 0 , 0.00 , 314.04 k ,  1.47 G , 14.8 % , 21.21 k , 586 , 72 , 144 , 99 ,   graph ,   file ,sanjose (dirA)
 2009-12-17   , 12:59:04 , +01:01:59 , 53.6 , 803514895 , 99.71 , 139545 , 1.73 , 2.23 M , 27.61 , 215.97 k ,  1.15 G , 11.5 % , 16.57 k , 663 , 165 , 14.32 k , 2.21 k ,   graph ,   file ,sanjose (dirA)
 2009-11-19   , 12:59:04 , +01:01:59 , 0.0 , 1606770125 , 100.00 , 47079 , 0.29 , 0 , 0.00 , 431.95 k ,  1.86 G , 18.7 % , 27.42 k , 538 , 66 , 293 , 99 ,   graph ,   file ,sanjose (dirA)
 2009-10-15   , 12:59:05 , +01:01:59 , 0.0 , 2460311121 , 100.00 , 53050 , 0.22 , 0 , 0.00 , 661.41 k ,  3.09 G , 31.1 % , 54.36 k , 585 , 89 , 305 , 99 ,   graph ,   file ,sanjose (dirA)
 2009-09-17   , 12:59:05 , +01:01:59 , 0.0 , 2385472953 , 100.00 , 60040 , 0.25 , 0 , 0.00 , 641.29 k ,  2.86 G , 28.8 % , 61.32 k , 558 , 72 , 282 , 99 ,   graph ,   file ,sanjose (dirA)
 2009-08-20   , 12:59:05 , +01:01:59 , 1.5 , 1771382907 , 100.00 , 75371 , 0.43 , 0 , 0.00 , 476.21 k ,  2.17 G , 21.8 % , 39.34 k , 571 , 78 , 236 , 99 ,   graph ,   file ,sanjose (dirA)
 2009-07-16   , 12:59:05 , +01:02:00 , 1.3 , 2129056088 , 100.00 , 67944 , 0.32 , 0 , 0.00 , 572.21 k ,  2.48 G , 24.9 % , 43.19 k , 542 , 66 , 240 , 111 ,   graph ,   file ,sanjose (dirA)
 2009-06-18   , 12:59:04 , +01:01:59 , 2.4 , 2303117226 , 100.00 , 41705 , 0.18 , 0 , 0.00 , 619.14 k ,  2.36 G , 23.7 % , 58.03 k , 477 , 60 , 348 , 99 ,   graph ,   file ,sanjose (dirA)
 2009-05-21   , 12:59:03 , +01:01:59 , 1.4 , 2043760181 , 100.00 , 42291 , 0.21 , 0 , 0.00 , 549.42 k ,  2.49 G , 25.0 % , 40.79 k , 567 , 76 , 344 , 99 ,   graph ,   file ,sanjose (dirA)
 2009-04-16   , 12:59:04 , +01:01:59 , 0.0 , 2905440264 , 100.00 , 56507 , 0.19 , 0 , 0.00 , 781.07 k ,  4.24 G , 42.6 % , 41.27 k , 679 , 200 , 363 , 99 ,   graph ,   file ,sanjose (dirA)
 2009-03-31   , 12:59:03 , +01:01:59 , 0.0 , 1987063934 , 100.00 , 47518 , 0.24 , 0 , 0.00 , 534.18 k ,  2.20 G , 22.1 % , 46.42 k , 516 , 65 , 408 , 99 ,   graph ,   file ,sanjose (dirA)
 2008-11-20   , 12:59:03 , +00:57:13 , 1.8 , 1429529054 , 100.00 , 68911 , 0.48 , 0 , 0.00 , 416.31 k ,  1.87 G , 18.8 % , 31.98 k , 562 , 95 , 397 , 99 ,   graph ,   file ,sanjose (dirA)
 2008-10-16   , 12:59:04 , +01:01:59 , 0.0 , 1407792816 , 99.99 , 109445 , 0.78 , 0 , 0.00 , 378.48 k ,  1.84 G , 18.5 % , 25.93 k , 609 , 129 , 265 , 99 ,   graph ,   file ,sanjose (dirA)
 1970-01-01 , 00:01:13 , +01:00:47 , 1.9 , 1418188489 , 99.98 , 269376 , 1.90 , 0 , 0.00 , 388.88 k ,  2.23 G , 22.4 % ,  , 716 , 389 , 166 , 98 ,   graph ,   file ,sanjose (dirA)
 2008-08-21   , 12:59:04 , +01:01:59 , 0.0 , 1376104207 , 99.99 , 158149 , 1.15 , 0 , 0.00 , 369.97 k ,  1.90 G , 19.1 % , 25.37 k , 643 , 156 , 202 , 99 ,   graph ,   file ,sanjose (dirA)
 2008-07-17   , 12:59:07 , +01:01:59 , 0.0 , 1544900588 , 100.00 , 74603 , 0.48 , 0 , 0.00 , 415.32 k ,  2.05 G , 20.6 % , 29.18 k , 618 , 126 , 292 , 99 ,   graph ,   file ,sanjose (dirA)
 2013-08-15 , 12:59:05 , +01:27:42 , 0.0 , 704072204 , 99.92 , 539750 , 7.66 , 0 , 0.00 , 133.88 k ,  799.99 M , 8.0 % ,  , 747 , 463 , 314 , 93 ,   ,   ,sanjose (dirB)
 2013-07-18 , 12:59:05 , +01:28:32 , 0.0 , 711851281 , 99.92 , 578185 , 8.12 , 0 , 0.00 , 134.11 k ,  767.94 M , 7.7 % ,  , 716 , 249 , 281 , 93 ,   ,   ,sanjose (dirB)
 2013-06-20   , 12:59:29 , +01:01:59 , 0.0 , 1576776219 , 99.89 , 1798886 , 11.40 , 0 , 0.00 , 424.35 k ,  2.57 G , 25.9 % , 12.73 k , 759 , 582 , 172 , 89 ,   graph ,   file ,sanjose (dirB)
 2013-05-29   , 12:59:48 , +01:02:00 , 0.0 , 1393056475 , 99.88 , 1640218 , 11.76 , 0 , 0.00 , 374.82 k ,  2.16 G , 21.7 % , 12.04 k , 720 , 333 , 167 , 89 ,   graph ,   file ,sanjose (dirB)
 2013-05-16   , 12:59:18 , +01:01:59 , 0.0 , 2064947147 , 99.89 , 2303406 , 11.14 , 0 , 0.00 , 555.72 k ,  3.36 G , 33.8 % , 24.02 k , 757 , 985 , 146 , 72 ,   graph ,   file ,sanjose (dirB)
 2013-04-25   , 12:59:20 , +01:01:59 , 0.0 , 1172156260 , 99.94 , 717489 , 6.12 , 0 , 0.00 , 315.30 k ,  1.76 G , 17.7 % , 10.20 k , 699 , 252 , 269 , 104 ,   graph ,   file ,sanjose (dirB)
 2013-04-18   , 12:59:25 , +01:01:59 , 0.0 , 1504688449 , 99.91 , 1419872 , 9.43 , 0 , 0.00 , 404.88 k ,  1.82 G , 18.2 % , 11.00 k , 561 , 52 , 188 , 72 ,   graph ,   file ,sanjose (dirB)
 2013-03-21   , 12:59:37 , +01:01:59 , 0.0 , 1419713923 , 99.95 , 704515 , 4.96 , 0 , 0.00 , 381.87 k ,  1.60 G , 16.1 % , 143.04 k , 525 , 52 , 313 , 112 ,   graph ,   file ,sanjose (dirB)
 2013-02-21   , 12:59:03 , +01:01:59 , 0.0 , 1024425933 , 99.96 , 411882 , 4.02 , 0 , 0.00 , 275.50 k ,  1.80 G , 18.1 % , 7.78 k , 817 , 1.25 k , 401 , 149 ,   graph ,   file ,sanjose (dirB)
 2013-01-17   , 12:59:04 , +01:01:59 , 0.0 , 1268590040 , 99.97 , 424807 , 3.35 , 0 , 0.00 , 341.14 k ,  1.85 G , 18.6 % , 32.88 k , 679 , 131 , 327 , 98 ,   graph ,   file ,sanjose (dirB)
 2012-12-20   , 12:59:10 , +01:01:59 , 0.0 , 1226264730 , 99.97 , 426066 , 3.47 , 0 , 0.00 , 329.76 k ,  1.85 G , 18.6 % , 9.26 k , 702 , 224 , 337 , 103 ,   graph ,   file ,sanjose (dirB)
 2012-11-15   , 12:59:06 , +01:01:59 , 0.0 , 1152903011 , 99.97 , 402836 , 3.49 , 0 , 0.00 , 310.03 k ,  1.62 G , 16.2 % , 15.60 k , 652 , 172 , 347 , 104 ,   graph ,   file ,sanjose (dirB)
 2012-10-18   , 12:59:05 , +01:01:59 , 0.0 , 1259992862 , 99.96 , 462378 , 3.67 , 0 , 0.00 , 338.84 k ,  1.94 G , 19.5 % , 9.23 k , 716 , 291 , 437 , 215 ,   graph ,   file ,sanjose (dirB)
 2012-09-20   , 12:59:05 , +01:01:59 , 0.0 , 1095163707 , 99.88 , 1323365 , 12.07 , 0 , 0.00 , 294.76 k ,  1.57 G , 15.7 % , 10.15 k , 665 , 140 , 215 , 72 ,   graph ,   file ,sanjose (dirB)
 2012-08-16   , 12:59:05 , +01:01:59 , 0.0 , 1048179691 , 99.95 , 535336 , 5.10 , 0 , 0.00 , 281.92 k ,  1.32 G , 13.3 % , 8.99 k , 586 , 72 , 315 , 103 ,   graph ,   file ,sanjose (dirB)
 2012-07-19   , 12:59:05 , +01:01:59 , 0.0 , 863882563 , 99.96 , 314124 , 3.63 , 0 , 0.00 , 232.31 k ,  1.20 G , 12.1 % , 7.64 k , 646 , 126 , 303 , 77 ,   graph ,   file ,sanjose (dirB)
 2012-06-21   , 12:59:05 , +01:01:59 , 0.0 , 1337050063 , 99.97 , 409056 , 3.06 , 0 , 0.00 , 359.54 k ,  1.99 G , 20.0 % , 11.41 k , 693 , 214 , 407 , 100 ,   graph ,   file ,sanjose (dirB)
 2012-06-06   , 23:48:06 , +01:01:59 , 0.0 , 2545318584 , 99.91 , 2192057 , 8.60 , 0 , 0.00 , 684.83 k ,  4.17 G , 41.9 % , 16.61 k , 763 , 636 , 151 , 72 ,   graph ,   file ,sanjose (dirB)
 2012-06-06   , 12:59:05 , +01:01:59 , 0.0 , 1809394784 , 99.96 , 708295 , 3.91 , 0 , 0.00 , 486.60 k ,  2.06 G , 20.7 % , 13.77 k , 528 , 52 , 233 , 72 ,   graph ,   file ,sanjose (dirB)
 2012-06-05   , 23:48:05 , +01:01:59 , 0.0 , 2754198836 , 99.93 , 1854193 , 6.73 , 0 , 0.00 , 740.89 k ,  4.96 G , 49.8 % , 17.50 k , 837 , 1.36 k , 181 , 72 ,   graph ,   file ,sanjose (dirB)
 2012-05-17   , 12:59:05 , +01:01:59 , 0.0 , 1333271662 , 99.99 , 162875 , 1.22 , 0 , 0.00 , 358.46 k ,  1.90 G , 19.0 % , 11.29 k , 661 , 134 , 502 , 149 ,   graph ,   file ,sanjose (dirB)
 2012-04-19   , 12:59:28 , +01:01:59 , 0.0 , 1312039501 , 99.99 , 108764 , 0.83 , 0 , 0.00 , 352.73 k ,  1.73 G , 17.4 % , 11.90 k , 613 , 88 , 373 , 104 ,   graph ,   file ,sanjose (dirB)
 2012-04-18   , 12:59:04 , +01:01:59 , 0.0 , 1246752335 , 99.99 , 107123 , 0.86 , 0 , 0.00 , 335.18 k ,  1.65 G , 16.6 % , 11.72 k , 616 , 92 , 400 , 104 ,   graph ,   file ,sanjose (dirB)
 2012-03-15   , 12:59:05 , +01:01:59 , 0.0 , 920779322 , 99.99 , 106973 , 1.16 , 0 , 0.00 , 247.56 k ,  1.31 G , 13.2 % , 8.26 k , 663 , 140 , 360 , 104 ,   graph ,   file ,sanjose (dirB)
 2012-02-16   , 12:59:05 , +01:01:59 , 0.0 , 1130222208 , 99.99 , 112750 , 1.00 , 0 , 0.00 , 303.86 k ,  1.52 G , 15.2 % , 9.78 k , 624 , 84 , 365 , 104 ,   graph ,   file ,sanjose (dirB)
 2012-01-19   , 12:59:04 , +01:01:59 , 0.0 , 1705093281 , 99.99 , 201335 , 1.18 , 0 , 0.00 , 458.42 k ,  2.46 G , 24.7 % , 15.82 k , 670 , 120 , 754 , 1.04 k ,   graph ,   file ,sanjose (dirB)
 2011-12-22   , 12:59:04 , +01:01:59 , 0.0 , 1300695366 , 99.99 , 124459 , 0.96 , 0 , 0.00 , 349.69 k ,  1.66 G , 16.6 % , 11.60 k , 592 , 70 , 444 , 104 ,   graph ,   file ,sanjose (dirB)
 2011-11-17 , 12:59:25 , +01:01:57 , 0.0 , 4668163197 , 100.00 , 61325 , 0.13 , 0 , 0.00 , 1.26 M ,  1.37 G , 13.8 % ,  , 137 , 76 , 658 , 321 ,   graph ,   file ,sanjose (dirB)
 2011-10-20   , 12:59:04 , +01:01:59 , 0.0 , 2156688510 , 99.98 , 346043 , 1.60 , 0 , 0.00 , 579.86 k ,  2.49 G , 25.1 % , 20.06 k , 538 , 64 , 1.10 k , 1.50 k ,   graph ,   file ,sanjose (dirB)
 2011-09-15   , 12:59:18 , +01:01:59 , 0.0 , 2212318147 , 99.99 , 131936 , 0.60 , 0 , 0.00 , 594.75 k ,  2.67 G , 26.9 % , 40.92 k , 562 , 60 , 517 , 104 ,   graph ,   file ,sanjose (dirB)
 2011-08-25   , 12:59:06 , +01:01:59 , 0.0 , 1852658828 , 99.99 , 121777 , 0.66 , 0 , 0.00 , 498.07 k ,  2.39 G , 24.0 % , 17.44 k , 600 , 64 , 419 , 104 ,   graph ,   file ,sanjose (dirB)
 2011-07-21   , 12:59:05 , +01:01:59 , 0.0 , 1730280361 , 99.99 , 146478 , 0.85 , 0 , 0.00 , 465.18 k ,  2.03 G , 20.4 % , 17.05 k , 546 , 60 , 584 , 152 ,   graph ,   file ,sanjose (dirB)
 2011-06-08   , 23:44:04 , +01:01:59 , 0.0 , 2436058785 , 99.99 , 170002 , 0.70 , 0 , 0.00 , 654.91 k ,  4.30 G , 43.2 % , 21.44 k , 821 , 1.24 k , 477 , 104 ,   graph ,   file ,sanjose (dirB)
 2011-06-08   , 12:59:23 , +01:01:59 , 0.0 , 1894784666 , 99.99 , 162058 , 0.86 , 0 , 0.00 , 509.40 k ,  2.69 G , 27.0 % , 19.51 k , 659 , 125 , 532 , 104 ,   graph ,   file ,sanjose (dirB)
 2011-06-07   , 23:44:04 , +01:01:59 , 0.0 , 2503146918 , 99.99 , 174326 , 0.70 , 0 , 0.00 , 672.95 k ,  4.40 G , 44.2 % , 21.99 k , 818 , 1.21 k , 559 , 111 ,   graph ,   file ,sanjose (dirB)
 2011-05-19   , 12:59:04 , +01:01:59 , 0.0 , 1581504667 , 99.99 , 218030 , 1.38 , 0 , 0.00 , 425.20 k ,  2.40 G , 24.1 % , 16.43 k , 705 , 280 , 522 , 191 ,   graph ,   file ,sanjose (dirB)
 2011-04-13   , 12:59:05 , +01:01:59 , 0.0 , 1780226771 , 100.00 , 87698 , 0.49 , 0 , 0.00 , 478.59 k ,  2.69 G , 27.0 % , 17.85 k , 703 , 317 , 401 , 104 ,   graph ,   file ,sanjose (dirB)
 2011-03-24   , 12:59:04 , +01:01:59 , 0.0 , 3057560023 , 100.00 , 69290 , 0.23 , 0 , 0.00 , 821.96 k ,  5.16 G , 51.8 % , 37.17 k , 785 , 844 , 248 , 102 ,   graph ,   file ,sanjose (dirB)
 2011-02-17   , 12:59:03 , +01:01:59 , 0.0 , 2037449118 , 99.99 , 131880 , 0.65 , 0 , 0.00 , 547.75 k ,  3.54 G , 35.5 % , 22.57 k , 807 , 1.11 k , 214 , 80 ,   graph ,   file ,sanjose (dirB)
 2011-01-20   , 12:59:05 , +01:01:59 , 0.0 , 1313681895 , 100.00 , 27527 , 0.21 , 0 , 0.00 , 353.15 k ,  1.67 G , 16.7 % , 16.21 k , 590 , 77 , 277 , 112 ,   graph ,   file ,sanjose (dirB)
 2010-12-17   , 12:59:05 , +01:01:59 , 0.0 , 1282346778 , 100.00 , 32210 , 0.25 , 0 , 0.00 , 344.73 k ,  1.62 G , 16.2 % , 15.57 k , 586 , 77 , 345 , 104 ,   graph ,   file ,sanjose (dirB)
 2010-11-18   , 12:59:05 , +01:01:59 , 0.0 , 2325403394 , 100.00 , 21206 , 0.09 , 0 , 0.00 , 625.12 k ,  3.45 G , 34.6 % , 25.82 k , 689 , 200 , 178 , 104 ,   graph ,   file ,sanjose (dirB)
 2010-10-29   , 12:59:03 , +01:01:59 , 0.0 , 1931471491 , 100.00 , 20633 , 0.11 , 0 , 0.00 , 519.23 k ,  2.80 G , 28.1 % , 19.82 k , 673 , 133 , 174 , 111 ,   graph ,   file ,sanjose (dirB)
 2010-09-16   , 12:59:07 , +01:02:00 , 0.0 , 2353165511 , 100.00 , 22892 , 0.10 , 0 , 0.00 , 632.42 k ,  3.43 G , 34.5 % , 34.50 k , 679 , 191 , 176 , 111 ,   graph ,   file ,sanjose (dirB)
 2010-08-19   , 12:59:05 , +01:18:43 , 0.0 , 671057765 , 100.00 , 7984 , 0.12 , 0 , 0.00 , 155.36 k ,  865.70 M , 8.7 % , 10.60 k , 697 , 224 , 214 , 110 ,   graph ,   file ,sanjose (dirB)
 2010-07-15   , 12:59:05 , +01:01:59 , 0.0 , 2593996530 , 100.00 , 21185 , 0.08 , 0 , 0.00 , 697.33 k ,  4.82 G , 48.4 % , 29.15 k , 863 , 1.40 k , 144 , 99 ,   graph ,   file ,sanjose (dirB)
 2010-06-17 , 12:59:09 , +01:01:33 , 0.0 , 590551001 , 100.00 , 5805 , 0.10 , 0 , 0.00 , 159.89 k ,  1.20 G , 12.1 % ,  , 941 , 1.44 k , 1.77 k , 112 ,   graph ,   file ,sanjose (dirB)
 2010-04-14   , 12:59:05 , +01:01:59 , 0.0 , 2915469214 , 100.00 , 37484 , 0.13 , 0 , 0.00 , 783.75 k ,  5.15 G , 51.8 % , 38.07 k , 822 , 1.11 k , 227 , 111 ,   graph ,   file ,sanjose (dirB)
 2010-03-25   , 12:59:04 , +01:01:59 , 0.0 , 1710755823 , 100.00 , 39837 , 0.23 , 0 , 0.00 , 459.90 k ,  3.11 G , 31.3 % , 21.08 k , 845 , 1.30 k , 197 , 111 ,   graph ,   file ,sanjose (dirB)
 2010-02-25   , 12:59:04 , +01:01:59 , 0.0 , 1245731474 , 99.99 , 67054 , 0.54 , 0 , 0.00 , 334.90 k ,  2.19 G , 22.0 % , 14.76 k , 818 , 1.01 k , 668 , 112 ,   graph ,   file ,sanjose (dirB)
 2010-01-21   , 12:59:05 , +01:01:59 , 0.0 , 1616284366 , 100.00 , 28685 , 0.18 , 0 , 0.00 , 434.50 k ,  2.62 G , 26.3 % , 23.15 k , 753 , 564 , 123 , 99 ,   graph ,   file ,sanjose (dirB)
 2009-12-17   , 12:59:04 , +01:01:59 , 0.0 , 1097513018 , 100.00 , 40092 , 0.37 , 0 , 0.00 , 295.05 k ,  1.98 G , 19.9 % , 12.74 k , 839 , 1.06 k , 342 , 99 ,   graph ,   file ,sanjose (dirB)
 2009-11-19   , 12:59:05 , +01:01:59 , 0.0 , 1213838228 , 100.00 , 34242 , 0.28 , 0 , 0.00 , 326.31 k ,  2.09 G , 21.0 % , 12.74 k , 802 , 820 , 332 , 99 ,   graph ,   file ,sanjose (dirB)
 2009-10-15   , 12:59:04 , +01:01:59 , 0.0 , 1315749745 , 100.00 , 45259 , 0.34 , 0 , 0.00 , 353.71 k ,  2.43 G , 24.4 % , 18.82 k , 857 , 1.28 k , 359 , 99 ,   graph ,   file ,sanjose (dirB)
 2009-09-17   , 12:59:06 , +01:01:59 , 0.0 , 1624804826 , 100.00 , 42527 , 0.26 , 0 , 0.00 , 436.80 k ,  2.77 G , 27.8 % , 25.71 k , 793 , 815 , 341 , 99 ,   graph ,   file ,sanjose (dirB)
 2009-08-20   , 12:59:05 , +01:01:59 , 1.9 , 1587478873 , 100.00 , 68153 , 0.43 , 0 , 0.00 , 426.77 k ,  2.73 G , 27.4 % , 25.59 k , 799 , 840 , 260 , 111 ,   graph ,   file ,sanjose (dirB)
 2009-07-16   , 12:59:04 , +01:01:59 , 1.9 , 1558946614 , 100.00 , 43408 , 0.28 , 0 , 0.00 , 419.09 k ,  2.77 G , 27.8 % , 22.21 k , 826 , 1.09 k , 357 , 99 ,   graph ,   file ,sanjose (dirB)
 2009-06-18   , 12:59:04 , +01:01:59 , 0.0 , 2342842166 , 100.00 , 51567 , 0.22 , 0 , 0.00 , 629.82 k ,  4.11 G , 41.3 % , 38.96 k , 816 , 1.06 k , 303 , 99 ,   graph ,   file ,sanjose (dirB)
 2009-05-21   , 12:59:04 , +01:01:59 , 0.0 , 1403260424 , 100.00 , 44131 , 0.31 , 0 , 0.00 , 377.24 k ,  2.18 G , 21.9 % , 18.77 k , 723 , 361 , 356 , 99 ,   graph ,   file ,sanjose (dirB)
 2009-04-16   , 12:59:04 , +01:01:59 , 1.0 , 3237461027 , 100.00 , 47657 , 0.15 , 0 , 0.00 , 870.32 k ,  6.99 G , 70.2 % , 29.95 k , 1.00 k , 1.44 k , 427 , 111 ,   graph ,   file ,sanjose (dirB)
 2009-03-31   , 12:59:04 , +01:01:59 , 0.0 , 1599572196 , 100.00 , 53501 , 0.33 , 0 , 0.00 , 430.01 k ,  2.13 G , 21.4 % , 35.52 k , 621 , 185 , 382 , 99 ,   graph ,   file ,sanjose (dirB)
 2009-02-19   , 12:59:05 , +01:01:59 , 2.6 , 1165249135 , 99.99 , 61799 , 0.53 , 0 , 0.00 , 313.26 k ,  1.43 G , 14.3 % , 13.89 k , 569 , 67 , 533 , 112 ,   graph ,   file ,sanjose (dirB)
 2009-01-15   , 12:59:04 , +01:01:59 , 2.9 , 1007945424 , 99.99 , 53502 , 0.53 , 0 , 0.00 , 270.98 k ,  1.31 G , 13.1 % , 12.18 k , 602 , 79 , 474 , 99 ,   graph ,   file ,sanjose (dirB)
 2008-12-18   , 12:59:04 , +01:01:59 , 0.0 , 1272849117 , 100.00 , 56622 , 0.44 , 0 , 0.00 , 342.19 k ,  1.52 G , 15.3 % , 19.30 k , 555 , 71 , 485 , 99 ,   graph ,   file ,sanjose (dirB)
 2008-11-20   , 12:59:03 , +01:01:59 , 2.6 , 1098795728 , 99.99 , 59807 , 0.54 , 0 , 0.00 , 295.40 k ,  1.16 G , 11.6 % , 16.15 k , 491 , 60 , 477 , 99 ,   graph ,   file ,sanjose (dirB)
 2008-10-16   , 12:59:04 , +01:01:59 , 3.2 , 889369560 , 99.99 , 84862 , 0.95 , 0 , 0.00 , 239.10 k ,  981.60 M , 9.9 % , 13.54 k , 513 , 60 , 432 , 221 ,   graph ,   file ,sanjose (dirB)
 2008-09-18   , 12:59:04 , +01:01:59 , 3.2 , 877833274 , 99.99 , 83881 , 0.96 , 0 , 0.00 , 236.00 k ,  968.31 M , 9.7 % , 15.97 k , 513 , 60 , 384 , 189 ,   graph ,   file ,sanjose (dirB)
 2008-08-21   , 13:00:03 , +01:01:59 , 0.0 , 1101448679 , 99.99 , 80973 , 0.74 , 0 , 0.00 , 296.11 k ,  1.15 G , 11.5 % , 15.75 k , 485 , 60 , 393 , 196 ,   graph ,   file ,sanjose (dirB)
 2008-07-17   , 12:59:07 , +01:01:59 , 2.8 , 986740902 , 99.99 , 54569 , 0.55 , 0 , 0.00 , 265.27 k ,  956.61 M , 9.6 % , 13.49 k , 451 , 52 , 425 , 111 ,   graph ,   file ,sanjose (dirB)
 2007-01-08 , 23:00:30 , +49:59:59 , 0.0 , 468583515 , 100.00 , 0 , 0.00 , 0 , 0.00 , 2.59 k ,  17.79 M , 2.9 % ,  , 859 , 1.36 k , 399 , 92 ,   graph ,   file ,sanjose (dirB)
2007-01-08 , 23:00:30 , +49:59:59 , 0.0 , 395148733 , 100.00 , 0 , 0.00 , 0 , 0.00 , 2.18 k ,  11.77 M , 1.9 % ,  , 675 , 248 , 233 , 104 ,   graph ,   file ,sanjose (dirB)
2005-03-02 , 21:59:08 , +02:01:59 , 0.0 , 730573426 , 99.99 , 87120 , 1.19 , 11.64 k , 0.16 , 99.82 k ,  602.59 M , 24.2 % ,  , 755 , 576 , 102 , 111 ,   graph ,   file ,oc12-ampath (dirA)
 2005-02-02 , 21:59:08 , +02:01:59 , 0.0 , 829217786 , 99.99 , 73500 , 0.89 , 11.60 k , 0.14 , 113.29 k ,  670.71 M , 27.0 % ,  , 740 , 576 , 101 , 92 ,   graph ,   file ,oc12-ampath (dirA)
 2005-01-21 , 21:59:08 , +02:01:59 , 0.0 , 902103915 , 99.99 , 87872 , 0.97 , 11.72 k , 0.13 , 123.25 k ,  689.45 M , 27.7 % ,  , 699 , 284 , 101 , 92 ,   graph ,   file ,oc12-ampath (dirA)
 2005-01-13 , 21:59:07 , +02:01:58 , 0.0 , 883096785 , 99.99 , 87422 , 0.99 , 11.99 k , 0.14 , 120.67 k ,  641.83 M , 25.8 % ,  , 665 , 195 , 102 , 92 ,   graph ,   file ,oc12-ampath (dirA)
 2004-12-25 , 21:59:08 , +01:01:59 , 0.0 , 342151451 , 99.99 , 43409 , 1.27 , 6.03 k , 0.18 , 91.99 k ,  544.62 M , 21.9 % ,  , 740 , 576 , 101 , 92 ,   graph ,   file ,oc12-ampath (dirA)
 2004-12-01 , 21:59:07 , +02:01:59 , 0.0 , 344871450 , 99.97 , 89328 , 2.59 , 11.76 k , 0.34 , 47.13 k ,  174.11 M , 7.0 % ,  , 462 , 60 , 100 , 92 ,   graph ,   file ,oc12-ampath (dirA)
 2004-04-29 , 02:29:07 , +02:01:59 , 0.0 , 265355796 , 99.87 , 331885 , 12.49 , 12.21 k , 0.46 , 36.30 k ,  104.69 M , 4.2 % ,  , 361 , 52 , 82 , 72 ,   graph ,   file ,oc12-ampath (dirA)
 2004-04-22 , 02:59:07 , +02:01:59 , 0.0 , 266360638 , 100.00 , 0 , 0.00 , 0 , 0.00 , 36.39 k ,  115.54 M , 4.6 % ,  , 397 , 52 , 0 , 0 ,   graph ,   file ,oc12-ampath (dirA)
 2004-04-08 , 02:29:07 , +02:01:58 , 0.0 , 353761592 , 99.91 , 302709 , 8.55 , 12.84 k , 0.36 , 48.38 k ,  126.86 M , 5.1 % ,  , 328 , 49 , 83 , 72 ,   graph ,   file ,oc12-ampath (dirA)
 2004-03-17 , 17:59:08 , +02:01:59 , 0.0 , 272776943 , 99.88 , 325799 , 11.93 , 11.74 k , 0.43 , 37.31 k ,  135.64 M , 5.5 % ,  , 455 , 52 , 95 , 72 ,   graph ,   file ,oc12-ampath (dirA)
 2004-02-25 , 18:00:00 , +01:59:59 , 0.0 , 249568379 , 100.00 , 0 , 0.00 , 0 , 0.00 , 34.66 k ,  109.40 M , 4.4 % ,  , 395 , 52 , 0 , 0 ,   graph ,   file ,oc12-ampath (dirA)
 2004-01-22 , 22:00:00 , +00:59:59 , 0.0 , 252748434 , 96.69 , 141220 , 5.40 , 8.50 M , 325.13 , 70.25 k ,  260.43 M , 10.5 % ,  , 464 , 64 , 84 , 72 ,   graph ,   file ,oc12-ampath (dirA)
 2003-05-07 , 16:58:07 , +02:04:07 , 0.0 , 624167926 , 100.00 , 0 , 0.00 , 3.62 k , 0.06 , 83.81 k ,  365.25 M , 14.7 % ,  , 545 , 97 , 0 , 0 ,   graph ,   file ,oc12-ampath (dirA)
 2005-03-02 , 21:59:08 , +02:01:59 , 0.0 , 1361555998 , 99.99 , 82089 , 0.60 , 12.04 k , 0.09 , 186.02 k ,  720.76 M , 29.0 % ,  , 484 , 62 , 133 , 99 ,   graph ,   file ,oc48-paix (dirB)
 2005-02-02 , 21:59:08 , +02:01:59 , 0.0 , 1868840442 , 100.00 , 73144 , 0.39 , 11.94 k , 0.06 , 255.32 k ,  1.11 G , 44.7 % ,  , 544 , 78 , 105 , 99 ,   graph ,   file ,oc48-paix (dirB)
 2005-01-21 , 21:59:08 , +02:01:59 , 0.0 , 1570988706 , 99.99 , 86874 , 0.55 , 12.01 k , 0.08 , 214.63 k ,  926.95 M , 37.3 % ,  , 540 , 86 , 103 , 99 ,   graph ,   file ,oc48-paix (dirB)
 2005-01-13 , 21:59:07 , +02:01:59 , 0.0 , 1420020892 , 99.99 , 86976 , 0.61 , 12.22 k , 0.09 , 194.03 k ,  907.10 M , 36.5 % ,  , 584 , 110 , 103 , 99 ,   graph ,   file ,oc48-paix (dirB)
 2004-12-25 , 21:59:08 , +01:01:59 , 0.0 , 312311805 , 99.98 , 43527 , 1.39 , 6.10 k , 0.20 , 83.97 k ,  339.57 M , 13.6 % ,  , 506 , 64 , 103 , 99 ,   graph ,   file ,oc48-paix (dirB)
 2004-12-01 , 21:59:07 , +02:01:59 , 0.0 , 619299407 , 99.98 , 88455 , 1.43 , 11.97 k , 0.19 , 84.63 k ,  409.02 M , 16.4 % ,  , 604 , 136 , 106 , 111 ,   graph ,   file ,oc48-paix (dirB)
 2004-04-29 , 02:29:07 , +02:01:59 , 0.0 , 1147767225 , 99.94 , 494992 , 4.31 , 161.94 k , 1.41 , 156.89 k ,  869.46 M , 34.9 % ,  , 693 , 396 , 170 , 136 ,   graph ,   file ,oc48-paix (dirB)
 2004-04-22 , 02:59:07 , +02:01:59 , 0.0 , 1263012141 , 100.00 , 0 , 0.00 , 0 , 0.00 , 172.56 k ,  930.71 M , 37.4 % ,  , 674 , 343 , 0 , 0 ,   graph ,   file ,oc48-paix (dirB)
 2004-04-08 , 02:29:07 , +02:01:58 , 0.0 , 1088223345 , 99.96 , 465486 , 4.28 , 18.73 k , 0.17 , 148.75 k ,  836.01 M , 33.6 % ,  , 703 , 412 , 169 , 136 ,   graph ,   file ,oc48-paix (dirB)
 2004-03-17 , 17:59:08 , +02:01:59 , 0.0 , 1454733964 , 99.97 , 488703 , 3.36 , 11.93 k , 0.08 , 198.80 k ,  1.19 G , 48.0 % ,  , 751 , 576 , 163 , 144 ,   graph ,   file ,oc48-paix (dirB)
 2004-01-22 , 22:00:00 , +00:59:59 , 0.0 , 412774104 , 97.93 , 219962 , 5.22 , 8.50 M , 201.58 , 114.72 k ,  638.99 M , 25.7 % ,  , 697 , 436 , 164 , 136 ,   graph ,   file ,oc48-paix (dirB)
 2003-05-07 , 16:58:07 , +02:04:07 , 0.0 , 930395075 , 100.00 , 0 , 0.00 , 3.90 k , 0.04 , 124.92 k ,  648.24 M , 26.1 % ,  , 649 , 270 , 0 , 0 ,   graph ,   file ,oc48-paix (dirB)
 2003-05-07 , 07:00:00 , +47:59:59 , 0.0 , 4240607868 , 100.00 , 0 , 0.00 , 95.61 k , 0.23 , 24.54 k ,  106.27 M , 4.3 % ,  , 541 , 78 , 0 , 0 ,   graph ,   file ,oc48-mfn (dirA)
 2003-04-24 , 07:00:00 , +00:59:59 , 0.0 , 84581389 , 100.00 , 0 , 0.00 , 0 , 0.00 , 23.49 k ,  95.29 M , 3.8 % ,  , 507 , 64 , 0 , 0 ,   graph ,   file ,oc48-mfn (dirA)
 2003-01-15 , 17:59:34 , +01:01:59 , 0.0 , 219709440 , 100.00 , 0 , 0.00 , 0 , 0.00 , 59.07 k ,  321.57 M , 12.9 % ,  , 681 , 315 , 0 , 0 ,   graph ,   file ,oc48-mfn (dirA)
 2002-08-14 , 16:00:00 , +07:59:59 , 0.0 , 2143712932 , 100.00 , 0 , 0.00 , 0 , 0.00 , 74.43 k ,  352.43 M , 14.2 % ,  , 592 , 205 , 0 , 0 ,   graph ,   file ,oc48-mfn (dirA)
 2003-01-15 , 17:59:37 , +01:01:59 , 0.0 , 257097728 , 100.00 , 0 , 0.00 , 0 , 0.00 , 69.12 k ,  269.04 M , 10.8 % ,  , 487 , 59 , 0 , 0 ,   graph ,   file ,oc48-mfn (dirB)
 2002-08-14 , 16:00:00 , +07:59:59 , 0.0 , 3307920809 , 100.00 , 0 , 0.00 , 0 , 0.00 , 114.86 k ,  594.47 M , 23.9 % ,  , 647 , 291 , 0 , 0 ,   graph ,   file ,oc48-mfn (dirB)
